comune,ato,abitanti,kg di rifiuti differenziati (rdi),kg di rifiuti non differenziati (ruind),totale kg di rifiuti prodotti (rdi+ruind),anno,y_pred
Andretta,Avellino,1658.0,313.201,162.28,475.481,2021,485.33408153224445
Aquilonia,Avellino,1493.0,283.255,296.16,579.415,2021,587.1328031866858
Bonito,Avellino,2212.0,357.667,271.98,636.491,2021,637.2068147917237
Candida,Avellino,1085.0,214.955,136.46,351.415,2021,362.4994162514478
Capriglia Irpina,Avellino,2241.0,235.868,391.02,626.888,2021,633.2990327737846
Carife,Avellino,1291.0,211.434,176.56,387.994,2021,398.395927915879
Casalbore,Avellino,1595.0,316.89,196.98,513.87,2021,523.0794313371954
Cassano Irpino,Avellino,932.0,175.281,78.38,253.661,2021,266.08666548038815
Castel Baronia,Avellino,1063.0,174.31,102.4,276.71,2021,288.7178869046687
Castelfranci,Avellino,1802.0,348.705,193.669,542.374,2021,551.3914211882861
Castelvetere sul Calore,Avellino,1503.0,319.0,189.38,508.38,2021,517.7074146873226
Cesinali,Avellino,2558.0,648.941,249.99,898.931,2021,904.5855032614293
Chiusano di San Domenico,Avellino,2093.0,489.86,177.36,667.22,2021,675.4141951469298
Conza della Campania,Avellino,1265.0,208.496,189.48,397.976,2021,408.17224311056276
Domicella,Avellino,1838.0,717.985,60.0,718.045,2021,786.4605385351842
Flumeri,Avellino,2578.0,485.369,443.88,929.249,2021,932.7581269575589
Fontanarosa,Avellino,2863.0,617.566,321.75,939.316,2021,943.9467172338908
Gesualdo,Avellino,3256.0,653.023,342.53,995.553,2021,999.5363277359702
Guardia Lombardi,Avellino,1511.0,243.229,112.57,355.799,2021,367.08378718711606
Lacedonia,Avellino,2071.0,316.04,418.12,734.16,2021,739.4594224196796
Lapio,Avellino,1432.0,285.899,130.4,439.568,2021,426.9318191912752
Luogosano,Avellino,1095.0,320.749,114.84,435.589,2021,446.2228452691998
Marzano di Nola,Avellino,1614.0,596.217,118.74,714.957,2021,723.3515115048425
Melito Irpino,Avellino,1780.0,350.314,186.78,537.094,2021,546.2207588121977
Montecalvo Irpino,Avellino,3355.0,530.174,401.8,931.974,2021,935.8754302456837
Montefredane,Avellino,2115.0,472.71,324.684,797.394,2021,803.1139917702827
Montefusco,Avellino,1213.0,335.355,52.42,387.775,2021,399.3993201680181
Montemarano,Avellino,2622.0,452.65,379.16,859.185,2021,836.7231855032188
Monteverde,Avellino,714.0,168.627,77.8,246.427,2021,258.91536127549625
Morra De Sanctis,Avellino,1131.0,157.655,288.642,446.297,2021,455.137490271767
Ospedaletto d'Alpinolo,Avellino,2080.0,553.257,212.18,765.437,2021,772.515013451109
Pago del Vallo di Lauro,Avellino,1769.0,377.06,254.22,631.28,2021,639.0015831228684
Parolise,Avellino,639.0,176.774,91.49,271.002,2021,280.4457061184213
Paternopoli,Avellino,2142.0,481.397,226.48,707.877,2021,715.2678849840239
Petruro Irpino,Avellino,293.0,26.08,43.6,69.68,2021,83.89714072057444
Pietradefusi,Avellino,1914.0,386.033,330.34,716.373,2021,722.6756958062027
Pietrastornina,Avellino,1447.0,336.153,168.983,505.136,2021,514.6895357733222
Quadrelle,Avellino,1801.0,447.063,154.96,602.023,2021,610.9511049395169
Quindici,Avellino,1844.0,284.085,371.37,655.455,2021,661.8341874399626
Roccabascerana,Avellino,2327.0,615.77,218.64,834.41,2021,840.8810924499735
Rocca San Felice,Avellino,796.0,156.072,55.76,211.832,2021,224.80963505250702
Salza Irpina,Avellino,721.0,168.158,54.9,223.058,2021,235.95564800903023
San Mango sul Calore,Avellino,1076.0,231.425,67.3,298.725,2021,310.9045807679336
San Michele di Serino,Avellino,2426.0,500.357,400.46,900.817,2021,904.9770751238402
San Potito Ultra,Avellino,1457.0,368.625,164.0,538.1,2021,542.0109629974543
San Sossio Baronia,Avellino,1517.0,235.9,177.6,413.5,2021,423.6907540200561
Sant'Andrea di Conza,Avellino,1353.0,348.603,62.74,428.316,2021,422.68016458710133
Sant'Angelo all'Esca,Avellino,741.0,177.355,82.22,259.575,2021,271.91631369712536
Santa Paolina,Avellino,1166.0,230.95,139.04,369.99,2021,380.9027050520629
Santo Stefano del Sole,Avellino,2060.0,432.074,264.06,696.134,2021,703.2478779397811
Savignano Irpino,Avellino,1008.0,159.147,131.75,290.897,2021,302.5045172839227
Scampitella,Avellino,1042.0,213.639,110.66,324.299,2021,335.8507391735129
Sorbo Serpico,Avellino,532.0,131.558,38.42,169.978,2021,183.45588342003163
Sturno,Avellino,2814.0,679.335,274.25,953.585,2021,958.5703665491994
Summonte,Avellino,1488.0,318.096,184.78,502.876,2021,512.292009377885
Taurano,Avellino,1477.0,411.3,66.56,477.86,2021,488.63555212706353
Taurasi,Avellino,2174.0,513.339,246.24,759.579,2021,766.3682538748965
Teora,Avellino,1455.0,286.297,135.05,421.347,2021,431.89432542184113
Torella dei Lombardi,Avellino,1959.0,293.396,208.24,501.636,2021,510.831096798501
Trevico,Avellino,865.0,149.034,117.98,267.014,2021,278.94507837611894
Vallesaccarda,Avellino,1242.0,307.848,119.76,447.592,2021,438.2563448393153
Venticano,Avellino,2275.0,486.644,349.8,856.154,2021,841.609373260927
Villamaina,Avellino,910.0,158.013,115.56,273.573,2021,285.47619948843214
Villanova del Battista,Avellino,1465.0,287.538,145.3,432.838,2021,443.1940061170833
Zungoli,Avellino,972.0,221.19,50.54,271.73,2021,284.2870602055092
Apollosa,Benevento,2492.0,448.315,148.36,741.763,2021,605.710136564682
Arpaia,Benevento,1987.0,559.76,193.869,753.629,2021,760.9800939221415
Arpaise,Benevento,726.0,121.59,36.26,157.85,2021,171.4446724374166
Baselice,Benevento,2095.0,459.88,80.7,540.58,2021,550.7223777038035
Bonea,Benevento,1361.0,410.76,120.36,531.12,2021,540.9469315613788
Bucciano,Benevento,1985.0,678.2,128.6,814.739,2021,814.3739783392537
Buonalbergo,Benevento,1535.0,341.735,185.02,526.755,2021,535.9805200990508
Campolattaro,Benevento,968.0,179.84,38.9,267.741,2021,231.82899490467383
Campoli del Monte Taburno,Benevento,1581.0,283.79,130.42,414.21,2021,424.8590806008921
Casalduni,Benevento,1227.0,184.093,117.0,555.681,2021,312.7652252121967
Castelfranco in Miscano,Benevento,820.0,141.73,67.84,209.57,2021,222.44667362264676
Castelpagano,Benevento,1358.0,197.21,90.2,409.229,2021,299.45354998309756
Castelpoto,Benevento,1122.0,191.22,121.02,312.24,2021,323.7848755944675
Castelvenere,Benevento,2387.0,554.578,144.84,762.381,2021,707.6782937121324
Castelvetere in Val Fortore,Benevento,1009.0,158.21,62.98,221.19,2021,234.02291441597424
Cautano,Benevento,1899.0,545.62,82.72,628.34,2021,637.7711028343779
Circello,Benevento,2160.0,465.372,106.8,572.172,2021,581.8088409710034
Colle Sannita,Benevento,2182.0,488.857,271.48,760.337,2021,766.8720974496239
Dugenta,Benevento,2581.0,540.195,229.4,769.595,2021,776.4709308636614
Faicchio,Benevento,3318.0,718.15,144.6,862.75,2021,869.7258516274651
Foiano di Val Fortore,Benevento,1334.0,275.62,107.94,383.56,2021,394.67160043047164
Forchia,Benevento,1184.0,461.784,72.4,534.184,2021,544.4583820142651
Fragneto l'Abate,Benevento,963.0,230.07,48.49,319.623,2021,291.08340805472903
Fragneto Monforte,Benevento,1678.0,301.12,166.24,550.854,2021,477.2381237509973
Ginestra degli Schiavoni,Benevento,415.0,86.48,14.6,101.08,2021,115.33491417355862
Molinara,Benevento,1449.0,333.461,168.2,501.661,2021,511.2496125939022
Paduli,Benevento,3625.0,793.605,178.27,971.875,2021,977.6600397992507
Pago Veiano,Benevento,2275.0,594.678,178.96,791.979,2021,780.978054125054
Pesco Sannita,Benevento,1851.0,397.76,185.42,596.868,2021,591.9570457068575
Pietraroja,Benevento,509.0,109.45,26.5,135.95,2021,149.81318030176675
Pontelandolfo,Benevento,1989.0,457.137,168.2,625.337,2021,633.9512381644487
Puglianello,Benevento,1286.0,383.243,172.156,555.399,2021,564.5253414825498
Reino,Benevento,1106.0,280.106,84.2,364.306,2021,375.80272707547965
San Giorgio La Molara,Benevento,2789.0,441.3,100.04,541.34,2021,551.2862201386098
San Leucio del Sannio,Benevento,2920.0,650.45,177.44,830.628,2021,834.8175789244639
San Lorenzello,Benevento,2118.0,500.541,246.16,746.701,2021,753.5924991144893
San Lupo,Benevento,722.0,146.73,110.6,257.33,2021,269.4099406631158
San Martino Sannita,Benevento,1161.0,287.27,116.0,433.656,2021,414.14706243436734
San Nazzaro,Benevento,855.0,166.325,101.41,295.11,2021,279.8233305948602
Santa Croce del Sannio,Benevento,857.0,189.798,93.19,303.793,2021,295.0369878341629
Sassinoro,Benevento,628.0,105.473,41.36,146.833,2021,160.46432102578694
Tocco Caudio,Benevento,1414.0,288.7,136.1,424.8,2021,435.3097965197847
Vitulano,Benevento,2722.0,738.29,204.0,942.29,2021,948.0551208345432
Ailano,Caserta,1207.0,285.525,96.42,381.945,2021,393.18260011526587
Caianello,Caserta,1733.0,581.78,342.82,982.088,2021,929.1394754010503
Camigliano,Caserta,1980.0,468.655,269.64,738.295,2021,745.0218468044714
Capriati a Volturno,Caserta,1468.0,262.03,156.88,418.91,2021,429.2618711068818
Castel Campagnano,Caserta,1473.0,456.15,226.02,682.17,2021,689.767939315236
Castel di Sasso,Caserta,1046.0,103.22,128.89,358.309,2021,244.20878970601916
Ciorlano,Caserta,371.0,24.945,102.88,127.825,2021,141.00114919349448
Conca della Campania,Caserta,1166.0,270.25,88.54,358.79,2021,370.28750941318566
Dragoni,Caserta,1957.0,430.09,382.97,813.06,2021,818.0834426502179
Formicola,Caserta,1371.0,339.95,264.38,607.889,2021,612.1640040493252
Gallo Matese,Caserta,496.0,40.706,99.52,140.226,2021,153.33748744323566
Galluccio,Caserta,2011.0,636.635,147.46,803.258,2021,791.6624082937362
Letino,Caserta,640.0,129.5,69.16,198.66,2021,211.6096479043207
Liberi,Caserta,1054.0,185.28,131.28,324.773,2021,327.9699542811545
Marzano Appio,Caserta,1983.0,369.39,356.77,726.16,2021,732.125703657582
Piana di Monte Verna,Caserta,2050.0,436.04,340.74,826.055,2021,782.5045195910802
Pietravairano,Caserta,2856.0,490.288,329.12,841.308,2021,824.9109365803994
Pontelatone,Caserta,1523.0,416.82,303.72,720.54,2021,727.0716204157798
Prata Sannita,Caserta,1371.0,282.25,118.0,427.625,2021,411.1311893631332
Pratella,Caserta,1430.0,222.733,390.38,613.113,2021,619.638851449687
Riardo,Caserta,2228.0,677.105,307.28,984.385,2021,988.8029269515077
Rocca d'Evandro,Caserta,3015.0,541.2,216.4,757.6,2021,764.6982616154496
Roccaromana,Caserta,839.0,159.153,146.06,305.213,2021,316.5670194522472
Rocchetta e Croce,Caserta,451.0,64.86,27.94,92.8,2021,106.98897565690271
Ruviano,Caserta,1703.0,234.29,205.3,688.429,2021,449.3028317081858
San Gregorio Matese,Caserta,887.0,207.025,125.74,332.765,2021,344.10175883956833
San Potito Sannitico,Caserta,1933.0,363.948,273.3,637.248,2021,644.7349511981138
Sant'Angelo d'Alife,Caserta,2077.0,490.571,154.84,653.624,2021,653.9984549733066
Valle Agricola,Caserta,764.0,119.487,82.74,202.227,2021,215.0150135459985
Caposele,Salerno,3263.0,461.1,499.84,960.94,2021,963.6491972990445
Alfano,Salerno,963.0,159.765,73.96,233.725,2021,246.35119193604422
Aquara,Salerno,1351.0,287.421,91.27,378.691,2021,390.0048764492824
Auletta,Salerno,2140.0,401.355,180.46,638.208,2021,590.6515713929952
Bellosguardo,Salerno,701.0,184.274,60.73,245.004,2021,257.6714213709514
Buonabitacolo,Salerno,2403.0,488.256,229.49,717.746,2021,725.029535333402
Caggiano,Salerno,2540.0,327.6,242.99,570.59,2021,578.9001503159377
Campora,Salerno,343.0,21.77,65.42,87.19,2021,101.05463341473063
Casalbuono,Salerno,1051.0,139.67,64.95,210.095,2021,217.56408924934664
Casaletto Spartano,Salerno,1286.0,198.6,120.07,318.67,2021,330.17355853673354
Caselle in Pittari,Salerno,1851.0,395.279,129.4,552.054,2021,534.46778642585
Castelcivita,Salerno,1472.0,440.23,95.95,536.18,2021,546.2070898216433
Castelnuovo di Conza,Salerno,523.0,130.62,40.74,171.36,2021,184.80418288319345
Castel San Lorenzo,Salerno,2240.0,480.995,123.08,672.513,2021,613.3004139639447
Castiglione del Genovesi,Salerno,1308.0,269.461,118.94,388.401,2021,399.366298038294
Celle di Bulgheria,Salerno,1748.0,378.22,187.67,565.89,2021,574.7811397837881
Ceraso,Salerno,2262.0,519.478,133.06,666.773,2021,661.2834677370149
Cicerale,Salerno,1163.0,260.153,116.14,376.293,2021,387.3812225977938
Controne,Salerno,789.0,167.315,17.16,184.475,2021,198.0477188994152
Corleto Monforte,Salerno,522.0,135.41,38.08,173.49,2021,186.94355754022223
Cuccaro Vetere,Salerno,535.0,51.35,52.49,157.769,2021,117.70059783160019
Felitto,Salerno,1154.0,281.731,44.31,326.041,2021,338.2314335404422
Futani,Salerno,1091.0,174.33,95.92,270.25,2021,282.3724994011544
Giungano,Salerno,1285.0,281.53,28.91,310.44,2021,322.9047731272065
Ispani,Salerno,970.0,292.93,215.42,508.35,2021,517.4216000871127
Laureana Cilento,Salerno,1212.0,240.936,156.17,397.106,2021,407.636634117981
Laurino,Salerno,1313.0,230.19,101.8,331.99,2021,343.568266316683
Laurito,Salerno,712.0,252.812,72.56,325.372,2021,337.2899223669953
Laviano,Salerno,1318.0,314.057,122.7,436.757,2021,447.30435597732605
Moio della Civitella,Salerno,1807.0,507.785,107.4,615.185,2021,624.4770656713935
Montano Antilia,Salerno,1713.0,218.02,45.62,263.64,2021,276.3091751075285
Monteforte Cilento,Salerno,539.0,81.01,37.62,118.63,2021,132.52029214684637
Monte San Giacomo,Salerno,1414.0,294.71,110.63,405.34,2021,416.2535571898918
Morigerati,Salerno,611.0,207.04,16.84,223.88,2021,237.14541537249784
Novi Velia,Salerno,2289.0,415.766,188.2,603.966,2021,612.5519486707943
Omignano,Salerno,1589.0,428.319,211.09,639.409,2021,647.4906359353073
Orria,Salerno,991.0,171.44,112.02,283.46,2021,295.3201140836387
Ottati,Salerno,631.0,115.844,24.07,139.914,2021,153.76984430589494
Palomonte,Salerno,3742.0,385.68,356.42,742.1,2021,747.9435628066742
Perdifumo,Salerno,1728.0,478.191,91.53,569.721,2021,579.5273007321339
Perito,Salerno,829.0,270.95,70.245,341.195,2021,353.011025111371
Pertosa,Salerno,652.0,160.6,108.65,269.25,2021,281.25520393422295
Piaggine,Salerno,1164.0,244.615,74.17,359.848,2021,330.7389865697122
Postiglione,Salerno,1974.0,310.99,188.45,499.44,2021,508.8469926528216
Prignano Cilento,Salerno,1054.0,212.08,31.17,243.25,2021,256.2219032255647
Ricigliano,Salerno,1067.0,119.43,128.26,419.331,2021,259.6722383309796
Roccagloriosa,Salerno,1565.0,395.77,137.96,541.943,2021,543.3633082704571
Rofrano,Salerno,1281.0,294.29,95.06,389.35,2021,400.5426330989461
Roscigno,Salerno,660.0,136.25,33.35,183.288,2021,183.13071471047857
Rutino,Salerno,766.0,249.285,95.95,345.235,2021,356.7664392947182
Sacco,Salerno,443.0,70.56,61.08,145.328,2021,145.19711174169407
Salento,Salerno,1804.0,332.933,116.68,449.613,2021,460.1182652776512
Salvitelle,Salerno,493.0,48.7,76.96,125.66,2021,139.10807701978348
San Gregorio Magno,Salerno,3970.0,643.162,74.5,854.537,2021,726.470211611447
San Mango Piemonte,Salerno,2601.0,634.59,281.86,916.45,2021,921.6531035410285
San Mauro la Bruca,Salerno,543.0,53.32,40.84,147.815,2021,108.21141545472773
San Rufo,Salerno,1605.0,209.775,109.18,318.955,2021,330.5633943969583
Sant'Angelo a Fasanella,Salerno,513.0,104.79,39.95,144.74,2021,158.40167511905452
Santomenna,Salerno,403.0,64.118,79.62,143.738,2021,157.01749476814956
Sanza,Salerno,2366.0,281.889,130.16,412.049,2021,422.71766249453026
Scala,Salerno,1493.0,373.522,127.6,501.122,2021,511.1140783037896
Serramezzana,Salerno,289.0,47.6,21.32,68.92,2021,83.36220726439228
Sessa Cilento,Salerno,1201.0,229.0,100.6,329.6,2021,341.20889538074823
Sicignano degli Alburni,Salerno,3077.0,837.808,103.88,941.688,2021,948.4423422087455
Stella Cilento,Salerno,685.0,149.041,65.33,214.371,2021,227.23453000809343
Stio,Salerno,773.0,157.995,49.08,207.075,2021,220.15579715619322
Torchiara,Salerno,1808.0,729.822,95.69,825.512,2021,833.2621604635858
Torre Orsaia,Salerno,1961.0,433.06,209.16,642.22,2021,650.2984672923045
Tortorella,Salerno,475.0,98.54,15.34,120.724,2021,128.02679368187938
Trentinara,Salerno,1560.0,349.01,80.0,442.698,2021,440.03825878138815
Valva,Salerno,1522.0,274.508,143.68,418.188,2021,428.6753547576179
Andretta,Avellino,1.678,297.345,155.26,452.605,2022,462.70733637641547
Aquilonia,Avellino,1.462,338.995,143.98,482.975,2022,492.94898411601207
Bonito,Avellino,2.217,349.946,275.35,625.296,2022,632.8569567386193
Candida,Avellino,1.101,209.409,130.68,340.089,2022,351.3194821658683
Capriglia Irpina,Avellino,2.262,501.629,170.66,672.289,2022,680.5091403204399
Carife,Avellino,1.272,228.599,169.76,398.359,2022,408.74613214901547
Casalbore,Avellino,1.574,308.933,206.72,515.653,2022,524.7526107887729
Cassano Irpino,Avellino,945.0,171.053,92.18,263.233,2022,275.44755780946116
Castel Baronia,Avellino,1.062,183.474,115.06,298.534,2022,310.245462142869
Castelfranci,Avellino,1.766,310.067,173.46,483.527,2022,493.2067587898571
Castelvetere sul Calore,Avellino,1.486,268.593,191.18,459.773,2022,469.4656628359613
Cesinali,Avellino,2.552,636.295,242.74,879.035,2022,884.9175419295009
Chiusano di San Domenico,Avellino,2.089,525.89,194.56,720.45,2022,728.0556982194743
Conza della Campania,Avellino,1.27,225.2,217.37,442.57,2022,452.14066980518993
Domicella,Avellino,1.849,677.885,60.0,677.945,2022,746.676464136118
Flumeri,Avellino,2.506,457.751,495.136,952.887,2022,955.7058967736789
Fontanarosa,Avellino,2.87,624.281,333.11,957.391,2022,961.7676116400276
Guardia Lombardi,Avellino,1.515,265.29,127.63,392.92,2022,403.7642467025469
Lacedonia,Avellino,2.048,343.245,427.52,770.765,2022,775.6836019125141
Lapio,Avellino,1.428,290.154,131.06,444.483,2022,431.8016068687285
Luogosano,Avellino,1.082,306.07,116.58,422.65,2022,433.36867505948516
Marzano di Nola,Avellino,1.639,598.973,118.94,717.913,2022,726.2822562274487
Melito Irpino,Avellino,1.789,343.475,201.92,545.395,2022,554.3074884423432
Montecalvo Irpino,Avellino,3.324,499.605,414.52,914.125,2022,918.0419770101112
Montefredane,Avellino,2.108,448.851,330.46,779.311,2022,785.1166623448598
Montefusco,Avellino,1.192,304.455,42.94,347.395,2022,359.4306684398314
Montemarano,Avellino,2.61,446.34,393.76,867.475,2022,844.8043116086477
Monteverde,Avellino,695.0,147.75,65.52,213.27,2022,226.1403359075162
Morra De Sanctis,Avellino,1.124,169.45,250.24,419.69,2022,429.11771835452646
Ospedaletto d'Alpinolo,Avellino,2.024,567.808,241.26,809.068,2022,815.5163258339724
Pago del Vallo di Lauro,Avellino,1.71,336.25,255.92,592.17,2022,600.1829929882526
Parolise,Avellino,637.0,153.112,90.0,245.85,2022,255.50651588876576
Paternopoli,Avellino,2.143,452.906,232.18,685.086,2022,692.6003945794766
Petruro Irpino,Avellino,302.0,25.11,41.38,66.49,2022,80.7541021854156
Pietradefusi,Avellino,1.916,363.458,325.62,689.078,2022,695.6421496263968
Pietrastornina,Avellino,1.449,330.351,172.74,503.091,2022,512.6237046629993
Prata di Principato Ultra,Avellino,2.696,585.824,401.4,987.224,2022,990.6940794138302
Quadrelle,Avellino,1.829,426.861,165.76,592.621,2022,601.5169818211855
Quindici,Avellino,1.79,285.06,415.2,700.26,2022,705.8552139872548
Roccabascerana,Avellino,2.308,563.165,216.14,790.255,2022,786.2348165666466
Rocca San Felice,Avellino,781.0,146.305,57.74,204.045,2022,217.0645151831274
Salza Irpina,Avellino,720.0,161.48,71.54,233.02,2022,245.67554206494557
San Mango sul Calore,Avellino,1.093,229.208,91.07,320.278,2022,332.05404659079056
San Michele di Serino,Avellino,2.414,495.935,404.76,900.695,2022,904.8137544545134
San Potito Ultra,Avellino,1.477,375.713,172.0,553.736,2022,556.901429148274
San Sossio Baronia,Avellino,1.49,243.684,180.06,423.744,2022,433.82985809522626
Sant'Andrea di Conza,Avellino,1.406,373.235,51.88,442.088,2022,436.45044888468607
Sant'Angelo all'Esca,Avellino,730.0,181.375,89.24,270.615,2022,282.8003081151153
Santa Paolina,Avellino,1.157,240.853,117.1,357.953,2022,369.17627359267897
Santo Stefano del Sole,Avellino,2.055,449.66,262.68,712.34,2022,719.3397693982967
Savignano Irpino,Avellino,1.004,122.632,92.817,215.449,2022,228.0337577613915
Scampitella,Avellino,1.036,223.955,111.44,335.395,2022,346.8516502308254
Sorbo Serpico,Avellino,530.0,135.378,37.98,173.358,2022,186.81358079341146
Sturno,Avellino,2.752,575.64,238.23,813.87,2022,820.3102874936569
Summonte,Avellino,1.518,313.707,183.26,496.967,2022,506.4445092415786
Taurano,Avellino,1.487,375.86,96.86,472.72,2022,483.23810785520476
Taurasi,Avellino,2.161,493.639,233.02,726.659,2022,733.8376043224798
Teora,Avellino,1.447,284.165,173.53,457.695,2022,467.57758644401736
Torella dei Lombardi,Avellino,1.952,250.42,215.98,466.4,2022,475.7965943371677
Trevico,Avellino,842.0,144.48,108.44,252.92,2022,265.05592385037596
Vallesaccarda,Avellino,1.241,298.099,129.78,427.879,2022,438.4266832620307
Venticano,Avellino,2.274,474.054,346.32,840.084,2022,825.7001986456421
Villamaina,Avellino,911.0,141.775,119.78,261.555,2022,273.5113874267753
Villanova del Battista,Avellino,1.472,283.425,150.56,433.985,2022,444.28024803594076
Zungoli,Avellino,942.0,182.985,52.68,235.665,2022,248.48515369536895
Apollosa,Benevento,2.462,456.13,147.72,748.938,2022,612.8349018405951
Arpaise,Benevento,735.0,165.55,19.1,184.65,2022,198.20226417903285
Baselice,Benevento,2.094,478.26,99.78,578.04,2022,587.699637823323
Bonea,Benevento,1.382,431.06,85.88,516.94,2022,527.2176892508206
Bucciano,Benevento,1.968,643.18,155.92,807.039,2022,806.4660051818746
Buonalbergo,Benevento,1.525,296.737,174.1,470.837,2022,480.61044313212716
Campolattaro,Benevento,971.0,187.0,59.9,300.281,2022,259.56064521961036
Campoli del Monte Taburno,Benevento,1.531,269.99,115.44,385.43,2022,396.45312034590415
Casalduni,Benevento,1.211,179.44,103.2,537.228,2022,294.59330134352007
Castelfranco in Miscano,Benevento,794.0,174.79,43.84,218.63,2022,231.67128658302715
Castelpagano,Benevento,1.33,197.1,100.18,410.065,2022,309.14765654212374
Castelpoto,Benevento,1.109,166.97,98.82,265.79,2022,277.91912160182187
Castelvenere,Benevento,2.405,596.482,159.1,818.545,2022,763.2595904088585
Castelvetere in Val Fortore,Benevento,986.0,135.15,60.87,196.02,2022,209.07196244958357
Cautano,Benevento,1.928,498.448,48.4,546.848,2022,557.2586010627809
Circello,Benevento,2.174,490.933,117.8,608.733,2022,617.9736343378876
Colle Sannita,Benevento,2.167,540.219,240.82,904.227,2022,787.7124772522334
Dugenta,Benevento,2.639,731.83,194.24,926.07,2022,932.0588791374644
Faicchio,Benevento,3.347,724.56,180.84,905.4,2022,911.6834885845733
Foiano di Val Fortore,Benevento,1.32,245.686,104.92,350.606,2022,362.0069222886973
Forchia,Benevento,1.217,688.791,57.66,746.451,2022,755.1979865726227
Fragneto l'Abate,Benevento,959.0,207.713,62.62,311.396,2022,282.7822839216637
Fragneto Monforte,Benevento,1.668,298.23,157.06,538.784,2022,465.35348337983976
Ginestra degli Schiavoni,Benevento,402.0,85.45,14.63,100.08,2022,114.34249762789432
Molinara,Benevento,1.453,354.078,132.4,486.478,2022,496.5382519040123
Paduli,Benevento,3.602,669.455,173.8,843.255,2022,850.0973187025047
Pago Veiano,Benevento,2.269,557.327,171.3,749.158,2022,736.3969914362447
Pesco Sannita,Benevento,1.84,375.7,201.42,590.808,2022,585.7874613021488
Pietraroja,Benevento,507.0,102.505,25.12,127.625,2022,141.5673378679258
Pontelandolfo,Benevento,2.014,444.01,170.86,620.893,2022,623.5405460943273
Puglianello,Benevento,1.304,396.22,190.3,586.52,2022,595.2227467328646
Reino,Benevento,1.103,111.263,77.54,188.803,2022,201.7479053039122
San Giorgio La Molara,Benevento,2.779,408.98,97.08,506.06,2022,516.3132772782228
San Leucio del Sannio,Benevento,2.934,615.18,182.66,800.578,2022,804.9529979775297
San Lorenzello,Benevento,2.101,481.714,251.58,733.294,2022,740.2378306283165
San Lupo,Benevento,713.0,150.285,88.14,238.425,2022,250.874731509212
San Martino Sannita,Benevento,1.18,291.47,117.49,439.346,2022,419.77758293946863
San Nazzaro,Benevento,840.0,166.85,75.955,270.18,2022,255.34003885838564
Santa Croce del Sannio,Benevento,869.0,225.282,106.6,351.045,2022,343.4139188561782
Sassinoro,Benevento,647.0,122.16,42.0,185.239,2022,177.64851811710366
Tocco Caudio,Benevento,1.435,279.99,96.64,376.63,2022,387.90731078776264
Vitulano,Benevento,2.732,670.2,206.9,915.151,2022,883.3502009340814
Ailano,Caserta,1.198,252.72,98.76,351.48,2022,362.9346077220244
Caianello,Caserta,1.752,506.13,351.0,915.986,2022,862.1206001870191
Camigliano,Caserta,1.993,427.479,274.7,702.179,2022,709.1406297760651
Capriati a Volturno,Caserta,1.44,263.465,141.08,404.545,2022,415.16540613133964
Castel Campagnano,Caserta,1.458,457.285,217.04,674.325,2022,682.0730459213585
Castel di Sasso,Caserta,1.051,97.72,121.88,348.536,2022,231.86627827072294
Ciorlano,Caserta,370.0,22.96,103.86,126.82,2022,139.99443070341954
Conca della Campania,Caserta,1.154,305.29,77.46,382.75,2022,394.16769138108293
Dragoni,Caserta,1.973,406.89,356.06,762.95,2022,768.6328371260099
Formicola,Caserta,1.367,307.13,278.36,589.87,2022,593.3349687894034
Gallo Matese,Caserta,479.0,39.032,88.9,127.932,2022,141.24477134324894
Galluccio,Caserta,2.036,605.085,159.4,783.648,2022,772.0894987269182
Letino,Caserta,631.0,143.912,36.34,180.252,2022,193.66939289799092
Liberi,Caserta,1.083,197.535,135.6,333.135,2022,344.37189057408455
Marzano Appio,Caserta,1.974,343.16,368.2,711.36,2022,717.3299135983623
Mignano Monte Lungo,Caserta,3.004,768.67,137.9,966.795,2022,913.2664992208806
Piana di Monte Verna,Caserta,2.066,440.85,279.4,769.525,2022,727.0230433822484
Pietravairano,Caserta,2.83,563.493,318.74,882.233,2022,887.3430397354476
Pontelatone,Caserta,1.525,388.666,289.78,678.446,2022,685.4463274576933
Prata Sannita,Caserta,1.362,288.805,64.58,380.76,2022,365.16069074533857
Pratella,Caserta,1.408,123.353,384.34,507.693,2022,515.1087882420509
Riardo,Caserta,2.238,666.99,298.56,965.55,2022,970.2020610798992
Rocca d'Evandro,Caserta,3.023,703.135,224.42,927.555,2022,933.2354201329895
Roccaromana,Caserta,819.0,146.418,144.34,290.758,2022,302.2428150948115
Rocchetta e Croce,Caserta,447.0,71.855,33.73,138.435,2022,119.61631676295309
Ruviano,Caserta,1.705,271.186,194.82,714.845,2022,475.6137644262754
San Gregorio Matese,Caserta,872.0,180.695,111.6,292.295,2022,304.0896378857516
San Potito Sannitico,Caserta,1.965,345.097,218.78,563.877,2022,572.4780948992111
Sant'Angelo d'Alife,Caserta,2.065,508.457,153.5,670.17,2022,670.4272744414543
Valle Agricola,Caserta,751.0,149.246,79.34,228.586,2022,241.1997777950312
Comiziano,NA 3,1.704,410.23,408.98,819.21,2022,823.9292342561998
Caposele,Salerno,3.245,472.32,502.64,974.96,2022,977.5312091547819
Alfano,Salerno,953.0,155.837,71.16,226.997,2022,239.70373046728903
Aquara,Salerno,1.342,275.47,94.96,370.43,2022,381.7726765563833
Auletta,Salerno,2.124,351.27,175.06,582.723,2022,535.6568049775424
Bellosguardo,Salerno,682.0,185.08,51.42,236.5,2022,249.3259647569686
Buonabitacolo,Salerno,2.395,483.98,241.68,725.66,2022,732.7613212298255
Caggiano,Salerno,2.523,335.47,229.46,815.959,2022,573.4177826080746
Campora,Salerno,311.0,42.865,47.06,89.925,2022,103.94861949223849
Casalbuono,Salerno,1.042,178.051,53.079,236.605,2022,243.98195907713225
Casaletto Spartano,Salerno,1.275,169.05,145.22,314.27,2022,325.56092409390044
Caselle in Pittari,Salerno,1.866,351.82,132.08,511.275,2022,493.983709087918
Castelcivita,Salerno,1.441,422.19,239.904,662.094,2022,669.7135857786404
Castelnuovo di Conza,Salerno,548.0,137.42,46.18,183.6,2022,196.89425928625104
Castel San Lorenzo,Salerno,2.205,467.67,99.18,566.85,2022,576.6036974022717
Castiglione del Genovesi,Salerno,1.308,280.44,120.43,400.87,2022,411.7224105721053
Celle di Bulgheria,Salerno,1.733,389.79,169.02,558.81,2022,567.9403043542263
Ceraso,Salerno,2.253,477.563,128.9,623.983,2022,615.6123722617867
Cicerale,Salerno,1.185,289.29,112.56,401.85,2022,412.772075296312
Controne,Salerno,773.0,147.607,19.96,167.567,2022,181.2453952685114
Corleto Monforte,Salerno,507.0,136.61,32.84,169.45,2022,182.98691129988816
Cuccaro Vetere,Salerno,530.0,44.44,43.96,142.329,2022,102.46611637557902
Felitto,Salerno,1.144,268.195,25.36,293.555,2022,306.1877077527263
Futani,Salerno,1.091,171.07,88.88,287.325,2022,272.22287159438696
Giungano,Salerno,1.281,289.144,62.09,351.234,2022,363.0511214131538
Ispani,Salerno,970.0,218.16,189.54,407.7,2022,417.8190431427917
Laureana Cilento,Salerno,1.195,229.752,139.5,369.252,2022,380.1659961701449
Laurino,Salerno,1.273,225.02,102.66,327.68,2022,339.2837660420536
Laurito,Salerno,696.0,168.14,83.26,292.463,2022,263.79549367075515
Laviano,Salerno,1.326,339.076,130.32,469.396,2022,479.61128409367103
Moio della Civitella,Salerno,1.805,405.366,106.68,512.046,2022,522.1577202480613
Montano Antilia,Salerno,1.679,230.32,75.76,319.768,2022,318.11844775201075
Monteforte Cilento,Salerno,539.0,86.84,27.78,114.62,2022,128.63864128845705
Monte San Giacomo,Salerno,1.414,300.9,102.72,403.62,2022,414.62488703210215
Morigerati,Salerno,608.0,199.439,31.96,231.399,2022,244.45650260550232
Novi Velia,Salerno,2.335,409.51,181.5,591.01,2022,599.7639027958463
Omignano,Salerno,1.647,359.03,185.17,544.2,2022,553.2866056970896
Orria,Salerno,981.0,212.96,146.28,359.24,2022,370.1662075060255
Ottati,Salerno,606.0,93.055,26.12,119.175,2022,133.17407773306888
Palomonte,Salerno,3.715,366.9,362.34,729.24,2022,735.1266683187173
Perdifumo,Salerno,1.765,490.458,80.09,570.548,2022,580.4602746180173
Perito,Salerno,816.0,266.06,68.14,334.2,2022,346.09183326192175
Pertosa,Salerno,656.0,108.4,62.38,170.78,2022,184.0159665652128
Piaggine,Salerno,1.154,281.92,45.82,368.803,2022,339.902200255484
Postiglione,Salerno,2.0,300.43,312.39,612.82,2022,620.1150344061653
Prignano Cilento,Salerno,1.103,188.262,118.0,306.262,2022,317.883668549681
Ricigliano,Salerno,1.054,209.775,58.58,323.105,2022,280.859592746868
Roccagloriosa,Salerno,1.555,350.22,141.42,502.59,2022,501.5708898434731
Rofrano,Salerno,1.276,285.5,99.96,385.46,2022,396.63509861472977
Roscigno,Salerno,625.0,153.326,32.02,204.509,2022,198.76573860389794
Rutino,Salerno,768.0,238.988,83.83,322.818,2022,334.6452261613583
Sacco,Salerno,439.0,97.27,36.08,147.038,2022,147.13946425076563
Salento,Salerno,1.77,304.616,118.1,422.716,2022,433.4192089435785
Salvitelle,Salerno,484.0,50.21,74.9,125.11,2022,138.5826661149447
San Gregorio Magno,Salerno,3.954,756.53,83.72,977.125,2022,848.0017487987286
San Mango Piemonte,Salerno,2.598,645.007,275.8,920.807,2022,926.0353650556119
San Mauro la Bruca,Salerno,543.0,58.502,43.6,155.757,2022,116.06370581200895
San Rufo,Salerno,1.608,241.458,114.42,355.878,2022,367.1439737660828
Sant'Angelo a Fasanella,Salerno,500.0,100.11,41.98,142.09,2022,155.75259203399452
Sant'Arsenio,Salerno,2.655,666.13,238.1,904.23,2022,909.959669589798
Santomenna,Salerno,401.0,75.91,34.32,110.23,2022,124.21891992927794
Sanza,Salerno,2.376,325.097,100.76,425.857,2022,436.7059667272124
Scala,Salerno,1.496,441.735,155.42,610.843,2022,606.1169340309619
Serramezzana,Salerno,269.0,33.442,16.96,50.402,2022,65.0329721074234
Sessa Cilento,Salerno,1.159,239.92,80.7,320.62,2022,332.49532022703045
Sicignano degli Alburni,Salerno,3.053,822.28,138.46,960.74,2022,967.0042174419642
Stella Cilento,Salerno,682.0,194.678,47.74,242.418,2022,255.23352551409783
Stio,Salerno,774.0,140.83,108.46,249.29,2022,261.45432594206363
Torchiara,Salerno,1.835,651.359,124.02,775.379,2022,783.2455620010053
Torre Orsaia,Salerno,1.985,413.398,184.65,598.048,2022,606.7154804019141
Tortorella,Salerno,482.0,83.28,22.72,106.0,2022,120.13630838378026
Trentinara,Salerno,1.581,354.869,202.185,570.742,2022,565.8720279234846
Valva,Salerno,1.537,277.245,152.98,430.225,2022,440.5260751591135
Andretta,Avellino,1.666,302.208,154.08,456.288,2023,466.37292299087517
Aquilonia,Avellino,1.443,274.188,150.64,424.828,2023,435.19460430798307
Bonito,Avellino,2.212,328.946,281.82,610.766,2023,618.3778111097384
Candida,Avellino,1.103,204.503,134.98,339.483,2023,350.67597466339566
Capriglia Irpina,Avellino,2.215,467.856,166.46,634.316,2023,642.876607012061
Carife,Avellino,1.261,219.995,162.0,381.995,2023,392.587358976007
Casalbore,Avellino,1.552,297.602,209.82,507.422,2023,516.5559760042531
Cassano Irpino,Avellino,957.0,170.21,101.66,271.87,2023,283.923294982796
Castel Baronia,Avellino,1.051,181.15,101.882,283.032,2023,294.9951728689572
Castelfranci,Avellino,1.74,310.105,183.96,494.065,2023,503.5584893956672
Castelvetere sul Calore,Avellino,1.481,286.969,183.94,470.909,2023,480.58511930264814
Cesinali,Avellino,2.554,666.835,261.53,928.365,2023,933.6741364856852
Chiusano di San Domenico,Avellino,2.062,495.72,210.32,706.04,2023,713.6042587380663
Contrada,Avellino,2.917,522.333,445.16,967.493,2023,970.6882375265427
Conza della Campania,Avellino,1.272,244.628,214.29,458.918,2023,468.3901586007448
Domicella,Avellino,1.844,706.36,320.0,706.68,2023,1030.3221536872502
Flumeri,Avellino,2.476,451.204,507.34,958.544,2023,961.1983266562122
Fontanarosa,Avellino,2.873,592.197,330.7,922.897,2023,927.5690681804649
Gesualdo,Avellino,3.199,624.765,365.04,989.805,2023,993.6122725183786
Guardia Lombardi,Avellino,1.512,212.31,162.89,375.2,2023,385.837141644925
Lacedonia,Avellino,2.024,294.43,528.02,822.45,2023,825.9731894532233
Lapio,Avellino,1.437,275.301,130.1,429.217,2023,416.12262836882314
Luogosano,Avellino,1.068,290.285,106.58,396.865,2023,407.8851505950619
Marzano di Nola,Avellino,1.633,485.081,131.8,616.881,2023,625.9197789739083
Melito Irpino,Avellino,1.78,312.02,197.16,509.18,2023,518.4246113016832
Montecalvo Irpino,Avellino,3.286,556.83,409.06,965.89,2023,969.4528374640847
Montefredane,Avellino,2.127,413.138,342.3,755.438,2023,761.315321883038
Montefusco,Avellino,1.186,308.37,51.74,360.11,2023,371.9589637493168
Montemarano,Avellino,2.6,419.3,417.08,863.755,2023,840.884314188199
Monteverde,Avellino,695.0,154.9,64.4,219.3,2023,232.1338418349552
Morra De Sanctis,Avellino,1.114,185.691,287.17,472.861,2023,481.50668144293104
Ospedaletto d'Alpinolo,Avellino,1.996,536.483,244.3,780.783,2023,787.4242753428507
Pago del Vallo di Lauro,Avellino,1.704,294.3,320.94,615.24,2023,622.4318965422225
Parolise,Avellino,627.0,165.241,84.0,251.979,2023,261.64622682157886
Paternopoli,Avellino,2.105,406.753,230.02,636.773,2023,644.6892650898737
Petruro Irpino,Avellino,298.0,35.34,39.1,74.44,2023,88.66388776421536
Pietradefusi,Avellino,1.948,348.87,309.34,658.21,2023,665.1774224440047
Pietrastornina,Avellino,1.427,311.846,176.38,488.226,2023,497.8400256630017
Prata di Principato Ultra,Avellino,2.684,561.615,402.54,964.155,2023,967.7956176325158
Quadrelle,Avellino,1.865,401.812,151.74,553.552,2023,562.8936432091347
Quindici,Avellino,1.77,234.358,468.11,702.468,2023,707.5255550977199
Roccabascerana,Avellino,2.346,554.104,186.0,751.054,2023,747.6390256423285
Rocca San Felice,Avellino,771.0,138.52,51.88,190.4,2023,203.5846378478575
Salza Irpina,Avellino,735.0,147.54,64.08,211.62,2023,224.5174948397078
San Mango sul Calore,Avellino,1.104,241.183,98.32,339.503,2023,351.0562943585848
San Michele di Serino,Avellino,2.408,480.953,402.4,883.353,2023,887.6315882756489
San Potito Ultra,Avellino,1.467,371.88,182.26,559.889,2023,563.1769079536351
San Sossio Baronia,Avellino,1.486,236.935,183.85,420.785,2023,430.85690339410485
Sant'Andrea di Conza,Avellino,1.414,350.847,50.04,419.87,2023,412.43142051792864
Sant'Angelo all'Esca,Avellino,715.0,170.63,90.66,261.29,2023,273.53481176459354
Santa Paolina,Avellino,1.159,224.261,119.2,343.461,2023,354.77779873142856
Santo Stefano del Sole,Avellino,2.058,461.656,114.88,576.536,2023,586.0590089154781
Savignano Irpino,Avellino,1.023,148.314,144.22,292.534,2023,304.0060029367321
Scampitella,Avellino,1.016,212.48,101.78,314.26,2023,325.978147786989
Sorbo Serpico,Avellino,523.0,132.736,36.98,169.716,2023,183.2101070720712
Sturno,Avellino,2.736,629.331,275.42,904.751,2023,910.1095978857402
Summonte,Avellino,1.493,308.133,183.26,491.393,2023,500.91442368795276
Taurano,Avellino,1.466,369.12,91.66,460.78,2023,471.4433080023507
Taurasi,Avellino,2.123,503.44,239.38,742.82,2023,749.8087429998999
Teora,Avellino,1.461,262.775,160.64,423.415,2023,433.6944066899674
Torella dei Lombardi,Avellino,1.953,245.153,216.14,461.293,2023,470.72825627248596
Trevico,Avellino,827.0,146.075,110.06,256.135,2023,268.22966521599284
Vallesaccarda,Avellino,1.23,299.645,144.74,444.385,2023,454.6555401973322
Venticano,Avellino,2.29,452.1,345.26,816.523,2023,802.8779361189511
Villamaina,Avellino,897.0,142.33,111.26,253.59,2023,265.692916272641
Villanova del Battista,Avellino,1.464,270.364,151.48,421.844,2023,432.2258538764428
Zungoli,Avellino,936.0,184.114,58.16,242.274,2023,254.98820029666672
Apollosa,Benevento,2.473,398.07,125.64,668.798,2023,533.5433926650861
Arpaise,Benevento,731.0,160.963,39.72,200.683,2023,213.90619291796122
Baselice,Benevento,2.064,500.61,90.42,591.03,2023,600.6793335851584
Bonea,Benevento,1.372,406.19,95.48,501.67,2023,511.9735964244858
Bucciano,Benevento,1.967,605.96,143.58,757.479,2023,757.4177999085643
Buonalbergo,Benevento,1.507,339.376,108.94,448.316,2023,458.90759093047853
Campolattaro,Benevento,976.0,253.09,40.46,333.244,2023,306.03426905745494
Campoli del Monte Taburno,Benevento,1.636,235.81,116.18,351.99,2023,363.269299100788
Casalduni,Benevento,1.178,198.29,85.78,538.658,2023,296.1833257835642
Castelfranco in Miscano,Benevento,773.0,194.41,45.06,239.47,2023,252.33510356903815
Castelpagano,Benevento,1.328,183.93,104.82,401.535,2023,300.63923461400714
Castelpoto,Benevento,1.147,194.24,107.6,301.84,2023,313.59877008230285
Castelvenere,Benevento,2.389,516.217,140.22,719.4,2023,665.0813455049617
Castelvetere in Val Fortore,Benevento,961.0,141.033,58.88,199.913,2023,212.9538593094219
Cautano,Benevento,1.897,441.562,54.0,495.562,2023,506.3215902161432
Circello,Benevento,2.138,493.618,101.76,595.378,2023,604.8815720506151
Colle Sannita,Benevento,2.148,605.109,80.14,685.249,2023,694.2571175733915
Dugenta,Benevento,2.647,640.94,174.78,815.72,2023,822.7696153294565
Durazzano,Benevento,2.072,755.886,80.49,836.376,2023,844.1900304349924
Faicchio,Benevento,3.277,787.66,203.5,991.16,2023,996.5450177734508
Foiano di Val Fortore,Benevento,1.322,249.762,90.36,340.122,2023,351.74868816977767
Forchia,Benevento,1.196,416.15,49.84,465.99,2023,477.02347678100944
Fragneto l'Abate,Benevento,938.0,259.1,42.28,342.443,2023,313.7846848072254
Fragneto Monforte,Benevento,1.667,373.527,150.51,607.531,2023,533.6232700539331
Ginestra degli Schiavoni,Benevento,389.0,75.93,11.94,87.87,2023,102.25514416022139
Molinara,Benevento,1.438,336.169,132.76,468.929,2023,479.1239708413178
Paduli,Benevento,3.583,666.51,179.836,846.346,2023,853.1046145293151
Pago Veiano,Benevento,2.215,551.424,144.3,716.255,2023,704.0187064963494
Pesco Sannita,Benevento,1.835,450.181,217.76,681.629,2023,675.7322621574355
Pietraroja,Benevento,494.0,110.2,24.96,135.16,2023,149.04454707078537
Pontelandolfo,Benevento,2.011,399.679,171.12,576.822,2023,579.8142004197009
Puglianello,Benevento,1.298,375.034,187.58,562.614,2023,571.5318345347824
Reino,Benevento,1.097,261.602,75.24,336.842,2023,348.6432042130236
San Giorgio La Molara,Benevento,2.73,452.228,106.04,558.268,2023,568.0218559244817
San Leucio del Sannio,Benevento,2.889,569.71,184.3,756.748,2023,761.4521840773416
San Lorenzello,Benevento,2.115,515.736,197.86,713.596,2023,721.2232482205002
San Lupo,Benevento,685.0,224.886,65.02,302.225,2023,302.1774799727198
San Martino Sannita,Benevento,1.143,285.5,121.86,441.305,2023,418.1472183012313
San Nazzaro,Benevento,825.0,159.625,75.26,262.26,2023,247.4892700594
Santa Croce del Sannio,Benevento,859.0,170.399,73.58,262.047,2023,256.5281429068067
Sassinoro,Benevento,634.0,117.376,55.98,194.435,2023,186.63460280362136
Tocco Caudio,Benevento,1.477,286.07,105.32,391.39,2023,402.465674637756
Vitulano,Benevento,2.713,622.643,250.76,911.454,2023,879.2510527784912
Ailano,Caserta,1.142,249.45,121.9,371.35,2023,382.4205277471216
Camigliano,Caserta,1.97,426.274,291.5,717.774,2023,724.447571279667
Capriati a Volturno,Caserta,1.412,227.2,143.2,370.4,2023,381.2685696686039
Castel Campagnano,Caserta,1.44,455.63,200.72,656.35,2023,664.400135281026
Castel di Sasso,Caserta,1.035,84.2,125.62,349.98,2023,222.12655408483226
Ciorlano,Caserta,362.0,29.31,92.3,121.61,2023,134.9391467135202
Conca della Campania,Caserta,1.149,284.38,83.5,367.88,2023,379.3554526070812
Dragoni,Caserta,1.924,385.81,341.14,726.95,2023,733.0631692569223
Formicola,Caserta,1.38,450.94,327.5,778.44,2023,784.2816301078512
Gallo Matese,Caserta,455.0,57.442,76.9,142.555,2023,147.7222663488816
Galluccio,Caserta,2.026,520.76,193.54,733.463,2023,721.9641802951878
Letino,Caserta,628.0,152.83,53.18,206.01,2023,219.0588724566623
Liberi,Caserta,1.072,190.19,133.54,323.73,2023,335.06124329010026
Marzano Appio,Caserta,1.958,324.15,354.66,678.81,2023,685.1694955771941
Piana di Monte Verna,Caserta,2.047,444.74,272.3,766.315,2023,723.9081473872894
Pietravairano,Caserta,2.8,515.505,341.66,857.165,2023,862.2471645300361
Pontelatone,Caserta,1.522,353.175,302.66,678.83,2023,662.8868180942889
Prata Sannita,Caserta,1.352,292.13,54.3,375.174,2023,358.36156841808236
Pratella,Caserta,1.384,189.077,430.94,620.017,2023,626.0896327637269
Roccaromana,Caserta,821.0,121.63,158.58,280.21,2023,291.63789520161765
Rocchetta e Croce,Caserta,430.0,68.55,26.92,95.47,2023,109.64796985729856
Ruviano,Caserta,1.691,282.29,172.3,686.183,2023,464.5091435850586
San Gregorio Matese,Caserta,870.0,162.695,111.36,274.055,2023,285.9957006193573
San Potito Sannitico,Caserta,1.953,399.692,239.12,638.812,2023,646.6227207708024
Sant'Angelo d'Alife,Caserta,2.065,562.272,193.96,764.445,2023,763.5616915309153
Valle Agricola,Caserta,754.0,93.579,59.06,152.639,2023,166.05053492952487
Comiziano,NA 3,1.705,499.24,325.64,824.88,2023,830.3740445263288
Caposele,Salerno,3.231,444.68,524.16,968.84,2023,971.2478193743937
Alfano,Salerno,931.0,155.23,78.18,233.41,2023,245.99717844526697
Aquara,Salerno,1.299,279.956,93.16,373.116,2023,384.4552144306993
Auletta,Salerno,2.147,343.95,193.82,594.163,2023,546.8222087631892
Bellosguardo,Salerno,681.0,162.94,48.54,211.48,2023,224.5314024231543
Buonabitacolo,Salerno,2.43,487.35,261.58,748.93,2023,755.6523134200186
Caggiano,Salerno,2.502,302.79,232.66,783.194,2023,544.1385735796814
Campora,Salerno,312.0,58.28,27.68,85.96,2023,100.20542078961233
Casalbuono,Salerno,1.018,147.03,53.2,205.705,2023,213.32421320276416
Casaletto Spartano,Salerno,1.262,167.03,126.34,293.37,2023,305.01123034598714
Caselle in Pittari,Salerno,1.869,332.002,135.12,494.497,2023,477.30800134268304
Castelcivita,Salerno,1.394,383.21,215.25,598.46,2023,606.8233451136692
Castelnuovo di Conza,Salerno,506.0,117.24,41.44,158.68,2023,172.21719846186886
Castel San Lorenzo,Salerno,2.206,436.326,123.48,614.556,2023,569.3762516031836
Castiglione del Genovesi,Salerno,1.282,264.645,107.44,372.085,2023,383.291922067343
Celle di Bulgheria,Salerno,1.711,434.34,117.78,552.12,2023,561.8068533428846
Ceraso,Salerno,2.223,455.219,130.24,602.979,2023,594.7606748966055
Cetara,Salerno,1.937,758.393,222.22,980.613,2023,985.8970382248622
Cicerale,Salerno,1.18,272.517,109.82,382.337,2023,393.439749753836
Controne,Salerno,764.0,174.39,23.79,220.08,2023,211.5795521288868
Corleto Monforte,Salerno,485.0,119.88,44.23,164.11,2023,177.57698448068317
Cuccaro Vetere,Salerno,521.0,52.92,42.58,149.429,2023,109.52374894437139
Felitto,Salerno,1.153,213.374,21.3,234.674,2023,247.81052033166247
Futani,Salerno,1.071,157.39,82.16,266.925,2023,252.04966951565
Giungano,Salerno,1.298,314.01,82.54,396.55,2023,407.80901728656886
Ispani,Salerno,963.0,278.35,134.22,412.57,2023,423.1946359023895
Laureana Cilento,Salerno,1.237,241.35,142.88,384.23,2023,394.9927573447759
Laurino,Salerno,1.245,210.72,108.12,318.84,2023,330.45972338309053
Laurito,Salerno,698.0,191.649,49.06,281.772,2023,253.52501023332303
Laviano,Salerno,1.308,306.69,169.5,476.19,2023,485.96650155712
Moio della Civitella,Salerno,1.804,425.001,100.06,546.961,2023,535.13527666736
Montano Antilia,Salerno,1.674,192.28,83.6,275.88,2023,288.07928614853614
Monteforte Cilento,Salerno,547.0,103.82,30.42,134.24,2023,148.07810713602686
Monte San Giacomo,Salerno,1.406,262.9,113.76,376.66,2023,387.76873371538267
Novi Velia,Salerno,2.338,402.82,184.86,587.68,2023,596.4270991813653
Omignano,Salerno,1.639,365.279,196.5,561.779,2023,570.6157028009853
Orria,Salerno,954.0,145.43,73.02,240.35,2023,231.20577817359487
Ottati,Salerno,580.0,98.809,24.12,122.929,2023,136.91816802647043
Palomonte,Salerno,3.709,356.651,360.76,717.411,2023,723.4063985495347
Perdifumo,Salerno,1.809,441.908,76.68,518.588,2023,528.9431690457753
Perito,Salerno,802.0,263.159,38.75,301.909,2023,314.34422755071586
Pertosa,Salerno,656.0,127.81,102.86,230.67,2023,243.03608728892283
Piaggine,Salerno,1.114,203.79,46.54,291.393,2023,263.0949908489656
Postiglione,Salerno,1.978,246.81,269.88,516.69,2023,525.1603894513136
Prignano Cilento,Salerno,1.095,212.8,109.59,322.39,2023,333.9673004178854
Ricigliano,Salerno,1.064,246.41,63.96,365.12,2023,322.4906784615549
Roccagloriosa,Salerno,1.56,367.12,148.92,530.549,2023,525.704908417533
Rofrano,Salerno,1.258,294.77,88.5,383.27,2023,394.5750384256187
Roscigno,Salerno,594.0,147.4,33.0,199.563,2023,193.8490690612864
Rutino,Salerno,767.0,224.65,111.88,336.53,2023,347.97338168317583
Sacco,Salerno,432.0,105.15,33.18,152.018,2023,152.10874525926312
Salento,Salerno,1.759,376.874,221.88,598.754,2023,607.0498361544655
Salvitelle,Salerno,482.0,41.67,62.72,104.39,2023,118.14567324141905
San Gregorio Magno,Salerno,3.886,730.5,122.96,990.335,2023,860.7218281868726
San Mauro la Bruca,Salerno,537.0,41.43,45.59,140.675,2023,101.08096086111948
San Rufo,Salerno,1.597,237.896,108.46,346.356,2023,357.7555969051499
Sant'Angelo a Fasanella,Salerno,489.0,84.78,40.54,125.32,2023,139.12887303815916
Sant'Arsenio,Salerno,2.641,686.06,292.9,978.96,2023,983.5620658473625
Santomenna,Salerno,387.0,84.994,28.56,113.554,2023,127.57336998064613
Sanza,Salerno,2.338,362.63,100.92,496.4,2023,474.10043126303026
Scala,Salerno,1.497,510.968,158.55,683.206,2023,677.8790489480948
Serramezzana,Salerno,271.0,35.67,16.9,52.57,2023,67.18448162017438
Sessa Cilento,Salerno,1.134,231.21,70.82,302.03,2023,314.14893040033786
Sicignano degli Alburni,Salerno,3.043,838.29,144.22,982.51,2023,988.546065719029
Stella Cilento,Salerno,630.0,199.779,63.12,262.899,2023,275.40193578075383
Stio,Salerno,776.0,150.55,76.8,227.35,2023,239.9984913359618
Torchiara,Salerno,1.877,660.691,127.04,787.731,2023,795.4705518442868
Torre Orsaia,Salerno,1.946,398.93,180.96,579.89,2023,588.7368209045655
Tortorella,Salerno,476.0,111.94,15.68,127.62,2023,141.65520064729202
Trentinara,Salerno,1.564,393.276,218.88,612.156,2023,620.3757482069157
Valva,Salerno,1.536,286.85,80.24,394.465,2023,378.60373211189346
