Anno,Abitanti,%RD,Tasso di riciclaggio,Produzione R.U. pro capite annua in Kg,Comune,Predizione Rifiuti Differenziati,Predizione Rifiuti Non Differenziati,Totale kg rifiuti prodotti
2024,3.986,66.86,50.51,208.0,Aiello del Sabato,803651.96,345618.0,1149269.96
2024,3.875,70.55,54.72,258.0,Altavilla Irpina,656399.89,333318.4,989718.29
2024,1.666,66.23,48.52,181.0,Andretta,253812.54,141180.87,394993.41000000003
2024,1.443,64.54,47.23,190.0,Aquilonia,251801.9,129883.79,381685.69
2024,20.89,52.55,39.05,187.0,Ariano Irpino,2776355.08,761166.7,3537521.7800000003
2024,10.331,59.1,44.71,277.0,Atripalda,2023440.76,691540.5,2714981.26
2024,7.492,85.25,63.32,346.0,Avella,1706485.36,675020.3,2381505.66
2024,52.161,63.31,48.32,264.0,Avellino,2794236.95,748801.3,3543038.25
2024,3.019,60.01,45.33,235.0,Bagnoli Irpino,556961.07,292000.64,848961.71
2024,4.398,85.25,63.35,342.0,Baiano,1061082.87,256859.65,1317942.52
2024,3.536,71.75,54.46,248.0,Bisaccia,634391.18,297216.6,931607.78
2024,2.212,53.86,38.36,149.0,Bonito,326716.3,245381.3,572097.6
2024,4.183,69.16,52.39,217.0,Calitri,846033.31,332946.5,1178979.81
2024,1.103,60.24,45.86,185.0,Candida,139144.91,91026.02,230170.93
2024,2.215,73.76,54.65,211.0,Capriglia Irpina,383903.12,143905.2,527808.3200000001
2024,1.261,57.59,43.97,174.0,Carife,195309.16,117548.62,312857.78
2024,1.552,58.65,42.65,192.0,Casalbore,246594.06,151810.14,398404.2
2024,957.0,62.61,46.73,178.0,Cassano Irpino,143790.75,94509.2,238299.95
2024,1.051,64.0,48.52,172.0,Castel Baronia,138208.22,90130.17,228338.39
2024,1.74,62.77,47.48,178.0,Castelfranci,288623.1,155336.07,443959.17
2024,1.481,60.94,46.64,194.0,Castelvetere sul Calore,251302.82,157058.84,408361.66000000003
2024,8.625,57.39,43.17,258.0,Cervinara,1864226.75,679063.24,2543289.99
2024,2.554,71.83,57.04,261.0,Cesinali,479083.46,176546.9,655630.36
2024,2.062,70.21,54.16,240.0,Chiusano di San Domenico,372150.18,151603.0,523753.18
2024,2.917,53.99,40.46,179.0,Contrada,460817.64,318037.0,778854.64
2024,1.272,53.31,40.12,192.0,Conza della Campania,186065.87,139417.77,325483.64
2024,1.844,99.95,77.02,383.0,Domicella,689138.29,64031.0,753169.29
2024,2.476,47.07,35.02,182.0,Flumeri,353822.78,291233.6,645056.38
2024,2.873,64.17,49.58,206.0,Fontanarosa,491717.04,256091.0,747808.04
2024,5.125,61.29,49.21,258.0,Forino,976312.53,453484.4,1429796.9300000002
2024,3.428,72.06,53.02,165.0,Frigento,548349.51,293709.1,842058.61
2024,3.199,63.12,46.16,195.0,Gesualdo,509680.19,319016.7,828696.89
2024,7.634,55.69,42.65,245.0,Grottaminarda,1260262.53,622503.64,1882766.17
2024,1.512,56.59,43.46,140.0,Guardia Lombardi,244267.35,160452.08,404719.43
2024,2.024,35.8,25.44,145.0,Lacedonia,315953.83,258016.17,573970.0
2024,1.437,69.69,54.16,192.0,Lapio,255898.26,103579.49,359477.75
2024,3.309,58.44,42.9,222.0,Lauro,526108.42,350299.34,876407.76
2024,5.911,64.72,49.64,236.0,Lioni,1084483.98,456721.8,1541205.78
2024,1.068,73.14,56.6,272.0,Luogosano,205339.44,91983.27,297322.71
2024,3.027,80.66,57.92,317.0,Manocalzati,745507.03,183050.26,928557.29
2024,1.633,78.63,54.95,297.0,Marzano di Nola,301506.76,117538.89,419045.65
2024,1.78,61.28,43.32,175.0,Melito Irpino,298708.76,172383.67,471092.43000000005
2024,11.6,52.61,39.28,212.0,Mercogliano,2353808.8,697501.5,3051310.3
2024,3.286,57.65,42.54,169.0,Montecalvo Irpino,475682.54,350673.47,826356.01
2024,11.438,62.84,46.26,223.0,Monteforte Irpino,2341996.27,669847.6,3011843.87
2024,2.127,54.69,40.38,194.0,Montefredane,332164.98,239850.2,572015.1799999999
2024,1.186,85.63,53.74,260.0,Montefusco,262223.07,53538.37,315761.44
2024,7.281,60.02,44.55,223.0,Montella,1235026.74,612114.34,1847141.08
2024,2.6,51.71,39.6,161.0,Montemarano,414574.04,308152.9,722726.94
2024,5.056,48.95,36.32,153.0,Montemiletto,895925.79,513257.3,1409183.09
2024,695.0,70.63,53.63,223.0,Monteverde,136854.11,46262.45,183116.56
2024,1.114,39.27,28.63,167.0,Morra De Sanctis,131387.63,141635.28,273022.91000000003
2024,3.834,51.21,37.99,138.0,Nusco,482557.38,421104.5,903661.88
2024,1.996,68.71,51.42,269.0,Ospedaletto d'Alpinolo,373520.74,174082.9,547603.64
2024,1.704,47.83,36.14,173.0,Pago del Vallo di Lauro,238848.0,197715.04,436563.04000000004
2024,627.0,66.66,51.58,264.0,Parolise,109449.46,63677.0,173126.46000000002
2024,2.105,63.88,48.15,193.0,Paternopoli,370851.99,198394.6,569246.59
2024,298.0,47.47,38.1,119.0,Petruro Irpino,42254.46,57274.0,99528.45999999999
2024,1.948,53.0,39.47,179.0,Pietradefusi,282584.48,233647.44,516231.92
2024,1.427,63.87,49.12,219.0,Pietrastornina,252106.14,120390.51,372496.65
2024,2.684,58.25,45.03,209.0,Prata di Principato Ultra,463237.47,273017.84,736255.31
2024,3.565,77.69,55.03,226.0,Pratola Serra,715393.2,207983.7,923376.8999999999
2024,1.865,72.59,53.95,215.0,Quadrelle,348024.7,127301.8,475326.5
2024,1.77,33.36,26.5,132.0,Quindici,268413.41,201268.54,469681.94999999995
2024,2.346,75.23,56.21,236.0,Roccabascerana,405066.03,142375.89,547441.92
2024,771.0,72.75,50.62,180.0,Rocca San Felice,152182.69,42442.85,194625.54
2024,735.0,69.72,53.39,201.0,Salza Irpina,136717.78,47337.35,184055.13
2024,1.104,71.04,53.13,218.0,San Mango sul Calore,172964.36,92198.09,265162.44999999995
2024,4.786,74.78,54.17,277.0,San Martino Valle Caudina,1046767.33,366395.21,1413162.54
2024,2.408,54.45,40.89,200.0,San Michele di Serino,354052.32,260375.3,614427.62
2024,1.467,67.45,51.01,253.0,San Potito Ultra,262894.7,130777.1,393671.80000000005
2024,1.486,56.31,41.87,159.0,San Sossio Baronia,239910.42,161782.48,401692.9
2024,1.414,88.08,66.41,248.0,Sant'Andrea di Conza,283211.92,50239.49,333451.41
2024,715.0,65.3,49.38,239.0,Sant'Angelo all'Esca,139880.1,66929.4,206809.5
2024,3.782,43.6,32.86,157.0,Sant'Angelo dei Lombardi,442640.21,429440.9,872081.1100000001
2024,1.159,65.29,48.7,193.0,Santa Paolina,204997.05,92543.62,297540.67
2024,2.058,80.07,60.78,224.0,Santo Stefano del Sole,436655.34,108105.9,544761.24
2024,1.023,50.7,38.16,145.0,Savignano Irpino,127522.73,144665.64,272188.37
2024,1.016,67.61,50.35,209.0,Scampitella,156262.32,99203.44,255465.76
2024,12.035,59.04,44.98,213.0,Solofra,2480776.9,695389.34,3176166.2399999998
2024,523.0,78.21,60.16,254.0,Sorbo Serpico,101682.31,29123.2,130805.51
2024,3.6,85.57,63.17,356.0,Sperone,937049.95,268883.8,1205933.75
2024,2.736,69.56,53.05,230.0,Sturno,544050.92,198644.8,742695.72
2024,1.493,62.71,48.82,206.0,Summonte,251366.94,143125.44,394492.38
2024,1.466,80.11,58.86,252.0,Taurano,272501.12,91520.98,364022.1
2024,2.123,67.77,52.82,237.0,Taurasi,389592.04,174290.6,563882.64
2024,1.461,62.06,45.04,180.0,Teora,251832.91,146085.27,397918.18
2024,1.953,53.14,38.37,126.0,Torella dei Lombardi,280551.02,231768.54,512319.56000000006
2024,827.0,57.03,42.37,177.0,Trevico,136460.67,88694.07,225154.74000000002
2024,1.23,67.43,46.23,244.0,Vallesaccarda,216886.08,111577.37,328463.44999999995
2024,2.29,57.72,43.69,197.0,Venticano,360119.04,234121.74,594240.78
2024,897.0,56.13,42.69,159.0,Villamaina,139511.16,101539.97,241051.13
2024,1.464,64.09,49.6,185.0,Villanova del Battista,250857.93,132329.97,383187.9
2024,2.912,60.35,46.8,216.0,Volturara Irpina,548041.45,280419.6,828461.0499999999
2024,936.0,75.99,57.19,197.0,Zungoli,155423.54,53078.05,208501.59000000003
2024,19.389,67.73,51.88,256.0,Montoro,2798542.18,748179.4,3546721.58
2024,8.076,74.19,55.95,418.0,Airola,2656980.95,938879.0,3595859.95
2024,2.646,67.28,50.29,393.0,Amorosi,686491.22,389698.44,1076189.66
2024,5.248,85.15,55.46,426.0,Apice,1914703.19,392027.6,2306730.79
2024,2.473,81.21,56.75,270.0,Apollosa,456604.38,125347.4,581951.78
2024,1.985,75.29,42.4,564.0,Arpaia,795593.82,313282.78,1108876.6
2024,731.0,80.21,56.32,275.0,Arpaise,166577.89,46806.6,213384.49000000002
2024,2.064,84.7,65.07,286.0,Baselice,490540.78,101607.4,592148.18
2024,56.043,64.92,50.05,453.0,Benevento,4713060.45,1477304.1,6190364.550000001
2024,1.372,80.97,58.74,366.0,Bonea,380036.73,111265.9,491302.63
2024,1.967,81.05,57.19,385.0,Bucciano,576542.59,161158.9,737701.49
2024,1.507,75.7,54.67,297.0,Buonalbergo,290503.84,121985.4,412489.24
2024,976.0,87.86,62.98,341.0,Campolattaro,239094.25,56714.35,295808.6
2024,1.636,66.99,45.78,215.0,Campoli del Monte Taburno,252963.53,146006.57,398970.1
2024,1.178,84.08,61.87,457.0,Casalduni,442426.82,136747.14,579173.96
2024,773.0,81.18,63.3,310.0,Castelfranco in Miscano,169241.81,53915.5,223157.31
2024,1.328,73.9,58.78,302.0,Castelpagano,259393.53,101781.7,361175.23
2024,1.147,64.35,47.28,263.0,Castelpoto,230040.77,97621.97,327662.74
2024,2.389,80.51,57.82,301.0,Castelvenere,474412.14,147994.9,622407.04
2024,961.0,70.55,50.68,208.0,Castelvetere in Val Fortore,148755.19,64842.0,213597.19
2024,1.897,89.1,62.96,261.0,Cautano,432310.68,68228.0,500538.68
2024,3.585,77.1,52.48,377.0,Cerreto Sannita,1024329.09,316813.2,1341142.29
2024,2.138,82.91,52.89,278.0,Circello,474072.66,119153.3,593225.96
2024,2.148,88.3,58.64,319.0,Colle Sannita,502201.67,127777.4,629979.07
2024,3.746,88.47,63.06,271.0,Cusano Mutri,748969.44,142368.1,891337.5399999999
2024,2.647,78.57,50.98,308.0,Dugenta,641289.05,190074.6,831363.65
2024,2.072,90.38,64.88,404.0,Durazzano,738903.09,154923.9,893826.99
2024,3.277,79.47,54.47,302.0,Faicchio,703757.19,230210.14,933967.33
2024,3.104,70.92,50.5,381.0,Foglianise,822175.04,359024.7,1181199.74
2024,1.322,73.43,54.86,257.0,Foiano di Val Fortore,266765.73,99086.18,365851.91
2024,1.196,89.3,66.38,390.0,Forchia,511053.1,99993.7,611046.7999999999
2024,938.0,87.65,59.59,365.0,Fragneto l'Abate,345440.32,65555.55,410995.87
2024,1.667,75.23,54.44,364.0,Fragneto Monforte,392034.64,159959.69,551994.3300000001
2024,389.0,86.41,57.47,226.0,Ginestra degli Schiavoni,86128.09,16357.8,102485.89
2024,4.503,81.94,59.59,306.0,Guardia Sanframondi,1015843.56,249996.71,1265840.27
2024,4.0,77.65,56.08,293.0,Moiano,912132.44,256373.93,1168506.3699999999
2024,1.438,71.69,50.54,326.0,Molinara,324377.0,136277.6,460654.6
2024,12.997,86.47,66.33,366.0,Montesarchio,3805148.31,715891.1,4521039.41
2024,4.505,73.7,50.74,233.0,Morcone,823911.85,333281.2,1157193.05
2024,3.583,78.75,52.2,236.0,Paduli,692714.01,203353.81,896067.8200000001
2024,2.215,79.85,60.42,323.0,Pago Veiano,496164.29,147077.2,643241.49
2024,1.954,80.05,47.14,599.0,Paolisi,836449.98,292284.77,1128734.75
2024,1.835,68.05,45.54,371.0,Pesco Sannita,441779.6,247095.23,688874.83
2024,494.0,81.53,50.8,274.0,Pietraroja,95316.1,35495.15,130811.25
2024,2.886,75.0,56.55,369.0,Pietrelcina,841543.72,277105.55,1118649.27
2024,2.011,70.33,50.64,287.0,Pontelandolfo,392765.33,168179.4,560944.73
2024,1.298,66.66,44.93,433.0,Puglianello,343208.37,238846.64,582055.01
2024,1.097,77.66,53.88,307.0,Reino,221959.99,83732.44,305692.43
2024,4.299,72.67,53.01,306.0,San Bartolomeo in Galdo,943816.21,369535.61,1313351.8199999998
2024,9.673,69.95,52.95,340.0,San Giorgio del Sannio,2228399.15,1022075.1,3250474.25
2024,2.73,81.01,61.45,204.0,San Giorgio La Molara,501879.14,108808.4,610687.54
2024,2.889,75.65,55.8,262.0,San Leucio del Sannio,647822.11,191141.15,838963.26
2024,2.115,72.27,48.93,337.0,San Lorenzello,488151.18,212380.8,700531.98
2024,685.0,78.49,59.81,441.0,San Lupo,307031.38,489645.25,796676.63
2024,1.143,72.39,56.96,386.0,San Martino Sannita,299132.6,123865.3,422997.89999999997
2024,825.0,71.3,52.89,318.0,San Nazzaro,161969.4,74803.95,236773.34999999998
2024,3.458,72.22,54.59,332.0,San Nicola Manfredi,647826.21,343947.85,991774.0599999999
2024,3.865,75.54,56.52,472.0,San Salvatore Telesino,1277543.81,458619.6,1736163.4100000001
2024,859.0,71.92,50.64,305.0,Santa Croce del Sannio,160913.97,76556.85,237470.82
2024,10.23,64.84,43.41,351.0,Sant'Agata de' Goti,2154300.27,1215305.7,3369605.9699999997
2024,4.024,78.73,57.36,264.0,Sant'Angelo a Cupolo,890457.77,229768.28,1120226.05
2024,634.0,71.21,54.84,307.0,Sassinoro,135244.92,49138.3,184383.22000000003
2024,3.444,66.15,48.68,363.0,Solopaca,790059.39,433751.75,1223811.1400000001
2024,7.642,67.86,50.52,505.0,Telese Terme,2445634.66,1222561.0,3668195.66
2024,1.477,73.09,50.97,265.0,Tocco Caudio,280573.77,123417.2,403990.97000000003
2024,3.214,76.41,52.2,325.0,Torrecuso,715849.52,295324.5,1011174.02
2024,2.713,72.49,49.55,336.0,Vitulano,630019.81,248012.1,878031.91
2024,3.413,71.03,52.44,405.0,Rotondi,938498.46,382064.8,1320563.26
2024,1.142,67.17,50.21,325.0,Ailano,257674.88,121393.7,379068.58
2024,7.36,53.98,40.68,351.0,Alife,1403084.61,1113569.9,2516654.51
2024,4.46,66.62,46.65,362.0,Alvignano,993623.64,582521.35,1576144.99
2024,5.379,81.75,61.26,364.0,Arienzo,1544330.95,399047.95,1943378.9
2024,49.526,54.26,40.62,525.0,Aversa,4605545.98,1543550.5,6149096.48
2024,1.762,53.32,39.35,589.0,Caianello,557559.87,406841.17,964401.04
2024,5.145,76.02,56.39,335.0,Caiazzo,1323428.18,449677.11,1773105.29
2024,1.97,59.39,41.9,364.0,Camigliano,403896.49,328945.65,732842.14
2024,10.03,74.68,56.62,438.0,Capodrise,3160397.53,1154650.3,4315047.83
2024,1.412,61.34,45.79,262.0,Capriati a Volturno,269068.14,123414.47,392482.61
2024,17.791,45.9,34.21,504.0,Capua,4596733.18,1489046.3,6085779.4799999995
2024,7.092,64.58,49.7,529.0,Carinaro,2532293.89,1272103.05,3804396.9400000004
2024,9.544,58.71,44.41,429.0,Casaluce,2325729.1,1466551.7,3792280.8
2024,8.255,66.92,51.7,411.0,Casapulla,2218695.75,1158564.3,3377260.05
2024,72.485,55.63,41.84,492.0,Caserta,4605918.44,1502130.64,6108049.08
2024,1.44,69.42,45.44,456.0,Castel Campagnano,430764.59,222700.28,653464.87
2024,1.035,64.11,49.38,338.0,Castel di Sasso,167111.16,144813.55,311924.70999999996
2024,29.466,29.76,23.42,722.0,Castel Volturno,4617961.93,1473276.5,6091238.43
2024,4.717,81.52,61.26,342.0,Cervino,1247339.72,286274.96,1533614.68
2024,9.643,70.35,52.52,360.0,Cesa,2348188.15,1117403.8,3465591.95
2024,362.0,24.1,18.63,336.0,Ciorlano,28080.36,107578.02,135658.38
2024,1.149,77.3,58.71,320.0,Conca della Campania,288764.26,86833.83,375598.09
2024,6.623,52.0,40.48,488.0,Curti,1826029.84,1406362.94,3232392.7800000003
2024,1.924,53.07,33.78,378.0,Dragoni,392723.46,361359.69,754083.15
2024,1.38,57.93,41.5,564.0,Formicola,580687.56,350898.19,931585.75
2024,4.619,52.28,41.4,453.0,Francolise,1319946.32,1070197.9,2390144.2199999997
2024,8.956,26.34,20.62,482.0,Frignano,2217417.58,1504026.34,3721443.92
2024,455.0,46.06,37.55,313.0,Gallo Matese,64093.27,101521.5,165614.77
2024,2.026,73.61,55.17,362.0,Galluccio,536373.5,197339.5,733713.0
2024,6.731,77.36,57.63,444.0,Grazzanise,2520253.3,899974.2,3420227.5
2024,12.888,38.27,28.88,505.0,Gricignano di Aversa,3989298.29,1482274.9,5471573.1899999995
2024,628.0,74.19,52.73,328.0,Letino,187066.56,68392.3,255458.86
2024,1.072,58.75,37.74,302.0,Liberi,185373.68,131569.75,316943.43
2024,16.203,67.71,52.45,417.0,Lusciano,4556268.31,1299678.6,5855946.91
2024,10.026,55.19,41.88,393.0,Macerata Campania,2265957.25,1338613.8,3604571.05
2024,36.756,36.24,26.07,483.0,Maddaloni,4594359.49,1481080.74,6075440.23
2024,38.285,85.44,63.1,579.0,Marcianise,4979960.18,847277.6,5827237.779999999
2024,1.958,47.75,35.69,347.0,Marzano Appio,359466.03,309511.52,668977.55
2024,2.998,88.31,66.43,342.0,Mignano Monte Lungo,906764.74,189776.05,1096540.79
2024,28.82,40.1,32.06,515.0,Mondragone,4595143.13,1486010.3,6081153.43
2024,27.332,35.23,25.95,327.0,Orta di Atella,3085264.17,994804.7,4080068.87
2024,12.708,70.49,54.69,424.0,Parete,3776473.56,1320481.4,5096954.96
2024,2.879,65.23,51.48,663.0,Pastorano,1123593.54,641214.6,1764808.1400000001
2024,2.047,64.47,48.61,374.0,Piana di Monte Verna,457555.62,275872.8,733428.4199999999
2024,4.433,71.04,53.55,431.0,Pietramelara,1360726.4,616000.5,1976726.9
2024,2.8,60.14,43.24,306.0,Pietravairano,544559.67,318901.7,863461.3700000001
2024,5.727,59.36,44.4,442.0,Pignataro Maggiore,1552349.82,1085606.1,2637955.92
2024,1.522,55.41,38.24,446.0,Pontelatone,385681.22,304807.94,690489.1599999999
2024,7.697,46.47,35.8,423.0,Portico di Caserta,1842225.48,1332550.1,3174775.58
2024,1.352,85.53,56.78,277.0,Prata Sannita,297345.77,58159.28,355505.05000000005
2024,1.384,30.5,17.73,448.0,Pratella,335783.28,497063.6,832846.88
2024,7.613,71.85,53.79,363.0,Recale,1817738.85,940342.3,2758081.1500000004
2024,2.223,70.48,51.29,480.0,Riardo,671203.43,329818.38,1001021.81
2024,3.002,72.77,53.08,334.0,Rocca d'Evandro,634423.87,272143.9,906567.77
2024,3.15,62.58,46.45,425.0,Roccamonfina,829839.79,492904.4,1322744.19
2024,821.0,43.41,23.71,341.0,Roccaromana,141041.99,133275.52,274317.51
2024,430.0,71.8,56.26,222.0,Rocchetta e Croce,76794.46,28748.6,105543.06
2024,1.691,74.89,57.14,406.0,Ruviano,421813.23,158332.1,580145.33
2024,13.263,68.75,52.87,450.0,San Cipriano d'Aversa,4236637.28,1419864.8,5656502.08
2024,16.846,64.89,50.27,387.0,San Felice a Cancello,4130534.21,1274843.6,5405377.8100000005
2024,870.0,59.37,42.35,315.0,San Gregorio Matese,155347.59,112695.1,268042.69
2024,1.953,62.57,45.63,327.0,San Potito Sannitico,374594.98,220959.7,595554.6799999999
2024,12.156,59.1,45.74,381.0,San Prisco,3207955.36,1353100.7,4561056.06
2024,14.312,88.47,66.28,360.0,Santa Maria a Vico,3919665.62,693059.6,4612725.22
2024,32.083,56.6,43.66,468.0,Santa Maria Capua Vetere,4567026.81,1568734.14,6135760.949999999
2024,2.551,62.75,48.04,416.0,Santa Maria la Fossa,685708.58,429727.22,1115435.7999999998
2024,5.782,58.54,44.81,477.0,San Tammaro,1777345.32,1134149.04,2911494.3600000003
2024,2.065,74.63,54.65,370.0,Sant'Angelo d'Alife,596106.3,210971.48,807077.78
2024,15.113,56.68,42.79,372.0,Sant'Arpino,3591632.07,1311572.0,4903204.07
2024,20.189,63.42,47.41,429.0,Sessa Aurunca,4475191.0,1472363.9,5947554.9
2024,7.219,84.01,63.51,381.0,Sparanise,2318767.55,591687.0,2910454.55
2024,6.318,68.46,51.8,467.0,Vairano Patenora,2040315.15,969999.8,3010314.95
2024,754.0,61.31,45.83,202.0,Valle Agricola,133723.31,67055.3,200778.61
2024,2.63,64.26,48.28,400.0,Valle di Maddaloni,680607.85,414913.62,1095521.47
2024,7.385,51.89,38.71,467.0,Villa di Briano,1886807.51,1360618.3,3247425.81
2024,12.7,40.74,31.79,558.0,Villa Literno,3825497.62,1477881.1,5303378.720000001
2024,7.691,54.99,42.25,408.0,Vitulazio,1841315.79,1291607.4,3132923.19
2024,3.378,62.75,48.49,427.0,Falciano del Massico,914445.88,519115.3,1433561.18
2024,8.238,48.45,38.65,776.0,Cellole,2493516.81,1397106.7,3890623.51
2024,7.025,58.1,45.11,545.0,Casapesenna,2432701.13,1395672.79,3828373.92
2024,6.458,64.9,48.7,538.0,San Marco Evangelista,2264753.64,1178643.6,3443397.24
2024,58.444,70.32,54.08,423.0,Acerra,4640110.74,1348114.9,5988225.640000001
2024,61.586,29.41,23.48,446.0,Afragola,4528991.23,1465151.5,5994142.73
2024,35.996,34.24,27.35,506.0,Caivano,4593987.03,1485967.3,6079954.33
2024,46.892,52.92,40.35,441.0,Casalnuovo di Napoli,4548527.42,1489775.4,6038302.82
2024,73.807,46.48,35.64,442.0,Casoria,4548547.82,1471617.0,6020164.82
2024,11.699,47.53,36.97,448.0,Crispano,3547393.72,1460089.6,5007483.32
2024,15.381,52.24,40.5,397.0,Frattaminore,4168367.81,1349403.3,5517771.11
2024,911.697,41.91,31.25,561.0,Napoli,305676.6,809180.34,1114856.94
2024,25.153,90.78,66.46,547.0,Bacoli,4968046.28,817575.8,5785622.08
2024,9.999,44.72,34.96,479.0,Barano d'Ischia,2369860.17,1485592.74,3855452.91
2024,12.457,39.63,30.67,396.0,Calvizzano,3386833.71,1346079.7,4732913.41
2024,7.588,32.58,26.48,544.0,Casamicciola Terme,2304970.91,1397143.5,3702114.41
2024,13.035,57.75,42.99,417.0,Casandrino,3723215.51,1402688.8,5125904.31
2024,18.174,46.44,35.82,438.0,Casavatore,4544847.74,1467642.5,6012490.24
2024,17.467,52.86,42.23,756.0,Forio,4630809.82,1511670.3,6142480.12
2024,28.592,50.78,39.18,523.0,Frattamaggiore,4595483.18,1480540.7,6076023.88
2024,123.998,59.58,46.13,468.0,Giugliano in Campania,4579557.11,1534454.74,6114011.850000001
2024,17.124,61.15,47.95,440.0,Grumo Nevano,4626279.58,1490430.3,6116709.88
2024,19.594,46.71,37.26,712.0,Ischia,4617961.93,1443594.9,6061556.83
2024,4.52,40.13,32.53,624.0,Lacco Ameno,1516595.37,1085052.35,2601647.72
2024,57.726,35.42,26.5,394.0,Marano di Napoli,4145230.43,1350545.1,5495775.53
2024,36.306,18.03,13.42,423.0,Melito di Napoli,4373395.4,1400074.0,5773469.4
2024,11.832,78.5,60.88,444.0,Monte di Procida,4180946.2,1142787.6,5323733.800000001
2024,35.122,50.4,39.0,419.0,Mugnano di Napoli,4331880.86,1400373.4,5732254.26
2024,76.211,66.48,51.13,561.0,Pozzuoli,4783785.73,1474382.3,6258168.03
2024,10.044,66.05,52.12,606.0,Procida,2963924.27,1454466.8,4418391.07
2024,24.576,43.82,33.81,402.0,Qualiano,4137259.35,1350561.3,5487820.65
2024,41.324,59.52,45.45,407.0,Quarto,4274794.01,1367507.4,5642301.41
2024,32.329,56.98,44.22,542.0,Sant'Antimo,4639046.95,1553775.14,6192822.09
2024,3.07,37.45,29.7,612.0,Serrara Fontana,848804.29,880081.66,1728885.9500000002
2024,7.742,69.71,54.32,454.0,Agerola,2450544.96,1106625.4,3557170.36
2024,6.821,74.0,56.03,619.0,Anacapri,3102384.92,1102347.35,4204732.27
2024,25.893,51.44,40.62,439.0,Boscoreale,4543597.74,1491061.1,6034658.84
2024,9.877,68.62,52.83,429.0,Boscotrecase,2864020.85,1340827.2,4204848.05
2024,15.863,57.26,43.53,419.0,Brusciano,4385442.6,1403430.1,5788872.699999999
2024,5.009,76.5,59.39,480.0,Camposano,1823413.51,677456.6,2500870.11
2024,2.444,64.13,51.16,463.0,Carbonara di Nola,730830.27,478129.08,1208959.35
2024,3.636,76.17,59.16,359.0,Casola di Napoli,970803.64,305774.56,1276578.2
2024,62.367,45.98,36.17,483.0,Castellammare di Stabia,4597105.64,1484242.14,6081347.779999999
2024,7.793,72.27,51.31,476.0,Castello di Cisterna,2493893.93,1102619.04,3596512.97
2024,16.882,53.28,37.89,449.0,Cercola,4535767.9,1474470.5,6010238.4
2024,12.338,79.3,58.31,364.0,Cicciano,3466500.57,848705.2,4315205.77
2024,6.88,95.09,73.2,367.0,Cimitile,1955760.23,409351.8,2365112.03
2024,1.705,60.52,47.15,484.0,Comiziano,417826.58,339469.8,757296.38
2024,27.806,64.45,49.35,418.0,Gragnano,4518287.07,1345146.6,5863433.67
2024,6.063,67.93,52.21,375.0,Lettere,1526105.85,756102.1,2282207.95
2024,29.243,47.73,37.51,429.0,Marigliano,4427505.09,1473089.2,5900594.29
2024,14.186,77.37,60.81,531.0,Massa Lubrense,4821613.38,1243420.8,6065034.18
2024,7.791,54.04,41.44,453.0,Meta,1939122.06,1428387.3,3367509.3600000003
2024,33.784,64.95,49.72,484.0,Nola,4773367.19,1479976.24,6253343.430000001
2024,23.288,90.57,65.54,426.0,Ottaviano,4801204.29,809239.3,5610443.59
2024,16.232,76.99,57.59,433.0,Palma Campania,4861394.0,1274370.9,6135764.9
2024,12.302,68.44,50.71,520.0,Piano di Sorrento,3917123.55,1443059.9,5360183.449999999
2024,5.862,78.86,61.01,344.0,Pimonte,1396117.59,469719.15,1865836.7400000002
2024,22.405,70.9,53.27,437.0,Poggiomarino,4774401.37,1445765.1,6220166.470000001
2024,12.738,62.09,46.23,419.0,Pollena Trocchia,3587615.35,1388841.0,4976456.35
2024,39.788,66.7,51.75,458.0,Pomigliano d'Arco,4720402.93,1455091.3,6175494.2299999995
2024,23.807,60.92,42.57,795.0,Pompei,4654650.3,1535209.5,6189859.8
2024,51.881,56.56,45.68,445.0,Portici,4574639.05,1508120.3,6082759.35
2024,49.726,43.97,34.13,428.0,Ercolano,4414374.54,1428168.8,5842543.34
2024,6.565,72.34,53.22,310.0,Roccarainola,1381868.76,487531.41,1869400.17
2024,12.097,74.91,54.15,413.0,San Gennaro Vesuviano,3678896.89,1138321.7,4817218.59
2024,42.147,52.4,39.73,352.0,San Giorgio a Cremano,3138367.59,1267722.8,4406090.39
2024,30.43,67.49,50.39,440.0,San Giuseppe Vesuviano,4750041.54,1433189.1,6183230.640000001
2024,8.626,62.1,49.62,515.0,San Sebastiano al Vesuvio,2566812.49,1461300.35,4028112.8400000003
2024,8.606,68.96,52.26,548.0,Sant'Agnello,3025599.47,1382348.7,4407948.17
2024,26.187,73.2,50.34,513.0,Sant'Anastasia,4841526.31,1423580.6,6265106.91
2024,18.972,84.18,63.22,466.0,Sant'Antonio Abate,4872518.6,844558.3,5717076.899999999
2024,6.611,78.71,50.7,478.0,San Vitaliano,2416251.22,784356.4,3200607.62
2024,15.946,60.26,43.07,388.0,Saviano,4203719.83,1349254.7,5552974.53
2024,6.225,67.63,50.64,389.0,Scisciano,1670545.57,775672.1,2446217.67
2024,33.622,63.24,48.97,469.0,Somma Vesuviana,4679018.69,1512410.8,6191429.49
2024,15.297,70.0,53.46,980.0,Sorrento,4788509.05,1436511.8,6225020.85
2024,9.011,74.45,58.98,446.0,Striano,2920619.75,1097214.0,4017833.75
2024,17.271,75.81,58.5,531.0,Terzigno,4946094.79,1308568.8,6254663.59
2024,40.051,55.38,43.47,437.0,Torre Annunziata,4581932.64,1510449.6,6092382.24
2024,80.093,26.02,19.24,429.0,Torre del Greco,4425086.32,1479618.2,5904704.5200000005
2024,3.372,80.0,56.25,415.0,Tufino,1012512.84,289767.75,1302280.5899999999
2024,20.24,75.89,58.32,470.0,Vico Equense,4946094.79,1301081.4,6247176.1899999995
2024,4.136,87.67,65.83,327.0,Visciano,1117010.35,213182.45,1330192.8
2024,25.664,58.99,46.34,432.0,Volla,4519885.27,1488535.7,6008420.97
2024,11.734,74.16,50.72,452.0,Santa Maria la CaritÃ ,3834136.01,1271700.0,5105836.01
2024,8.502,43.2,32.56,493.0,Trecase,2159813.89,1485744.04,3645557.93
2024,4.976,90.98,67.2,382.0,Massa di Somma,1661785.35,258114.3,1919899.6500000001
2024,3.231,45.9,34.5,300.0,Caposele,502552.97,468843.0,971395.97
2024,2.516,72.2,53.41,402.0,Acerno,686467.05,290232.1,976699.15
2024,21.349,60.59,46.44,533.0,Agropoli,4658130.0,1551524.74,6209654.74
2024,6.283,75.99,53.97,291.0,Albanella,1326413.15,462886.33,1789299.48
2024,931.0,66.51,48.64,251.0,Alfano,162550.48,85159.0,247709.48
2024,7.018,75.99,55.05,288.0,Altavilla Silentina,1441643.2,597562.92,2039206.12
2024,4.644,67.84,44.74,844.0,Amalfi,2017233.8,1075615.83,3092849.63
2024,34.132,48.96,36.77,483.0,Angri,4597105.64,1474225.94,6071331.58
2024,1.299,75.03,52.75,287.0,Aquara,263667.64,95991.49,359659.13
2024,5.828,66.37,50.73,597.0,Ascea,2197103.84,1103777.75,3300881.59
2024,2.147,67.38,48.72,277.0,Auletta,418747.34,206889.1,625636.4400000001
2024,16.887,86.62,65.22,393.0,Baronissi,4612469.64,870333.0,5482802.64
2024,49.635,68.63,52.61,441.0,Battipaglia,4750852.77,1445763.6,6196616.369999999
2024,681.0,77.05,56.31,311.0,Bellosguardo,158515.8,50162.3,208678.09999999998
2024,5.322,75.63,56.41,296.0,Bracigliano,1269636.97,397888.77,1667525.74
2024,2.43,65.07,46.23,308.0,Buonabitacolo,448295.92,253627.5,701923.4199999999
2024,2.502,70.29,52.93,313.0,Caggiano,435900.22,224490.2,660390.4199999999
2024,6.829,76.92,56.99,673.0,Camerota,3380696.48,1048822.4,4429518.88
2024,16.759,74.55,53.41,333.0,Campagna,3429565.73,1124551.2,4554116.93
2024,312.0,67.8,46.48,276.0,Campora,50534.25,44598.5,95132.75
2024,22.364,66.42,52.16,694.0,Capaccio,4762280.17,1455787.6,6218067.77
2024,1.018,74.14,56.04,202.0,Casalbuono,168113.88,84387.8,252501.68
2024,1.262,56.93,36.09,232.0,Casaletto Spartano,201200.85,144115.33,345316.18
2024,5.382,82.01,58.86,774.0,Casal Velino,2937138.32,686265.55,3623403.87
2024,1.869,72.68,56.07,265.0,Caselle in Pittari,375838.7,135133.8,510972.5
2024,1.394,64.03,43.96,429.0,Castelcivita,353694.85,265202.12,618896.97
2024,8.662,72.83,56.16,792.0,Castellabate,3217437.81,1240156.6,4457594.41
2024,506.0,73.88,55.54,314.0,Castelnuovo di Conza,106796.12,47742.5,154538.62
2024,13.738,79.5,60.06,378.0,Castel San Giorgio,4185875.68,906512.7,5092388.38
2024,2.206,79.91,59.1,279.0,Castel San Lorenzo,477403.07,122896.8,600299.87
2024,1.282,71.12,54.76,290.0,Castiglione del Genovesi,280920.75,121149.7,402070.45
2024,50.191,67.57,53.84,444.0,Cava de' Tirreni,4737265.76,1439381.0,6176646.76
2024,1.711,78.67,60.94,323.0,Celle di Bulgheria,385902.31,110879.8,496782.11
2024,4.958,64.3,46.73,583.0,Centola,1831909.53,1036921.5,2868831.0300000003
2024,2.223,78.4,58.52,271.0,Ceraso,438979.87,126204.6,565184.47
2024,1.937,77.34,60.2,506.0,Cetara,729992.49,240854.91,970847.4
2024,1.18,71.28,46.47,324.0,Cicerale,274711.48,122215.8,396927.27999999997
2024,3.403,61.64,43.13,310.0,Colliano,626551.88,378330.3,1004882.1799999999
2024,764.0,89.19,64.76,288.0,Controne,165931.38,40713.2,206644.58000000002
2024,3.167,66.99,46.36,327.0,Contursi Terme,650623.68,393648.6,1044272.28
2024,2.484,70.87,54.53,435.0,Corbara,767490.79,354594.66,1122085.45
2024,485.0,73.05,55.41,338.0,Corleto Monforte,128957.9,56992.2,185950.09999999998
2024,521.0,71.5,52.85,287.0,Cuccaro Vetere,77242.67,43513.8,120756.47
2024,37.601,65.96,48.59,404.0,Eboli,4246121.5,1254375.8,5500497.3
2024,1.153,90.92,58.4,204.0,Felitto,245170.94,39664.32,284835.26
2024,14.129,83.33,65.19,551.0,Fisciano,4659638.8,842677.1,5502315.899999999
2024,1.071,69.22,53.44,249.0,Futani,176055.7,94729.33,270785.03
2024,4.934,85.94,63.58,335.0,Giffoni Sei Casali,1277884.75,307576.77,1585461.52
2024,1.298,79.19,54.84,306.0,Giungano,281139.52,87115.9,368255.42000000004
2024,963.0,67.47,51.25,428.0,Ispani,260687.46,191180.2,451867.66000000003
2024,1.237,62.81,43.12,311.0,Laureana Cilento,233458.89,143727.4,377186.29000000004
2024,1.245,66.09,49.86,256.0,Laurino,228653.69,112026.0,340679.69
2024,698.0,82.59,59.32,404.0,Laurito,294150.2,64544.4,358694.60000000003
2024,1.308,64.4,48.09,364.0,Laviano,322624.34,190742.62,513366.96
2024,5.32,62.1,48.7,614.0,Maiori,2090536.61,1101215.35,3191751.96
2024,21.493,74.31,58.04,415.0,Mercato San Severino,4739024.03,1101074.2,5840098.23
2024,2.587,71.49,55.01,560.0,Minori,997283.65,395622.99,1392906.6400000001
2024,1.804,81.71,62.19,303.0,Moio della Civitella,432746.37,105797.2,538543.57
2024,1.674,69.7,49.42,165.0,Montano Antilia,250934.9,121460.6,372395.5
2024,2.563,73.39,52.56,453.0,Montecorice,841515.36,376346.0,1217861.3599999999
2024,11.126,74.91,56.05,375.0,Montecorvino Pugliano,3019403.27,903503.3,3922906.5700000003
2024,12.309,70.19,51.9,347.0,Montecorvino Rovella,2869829.3,1101848.4,3971677.6999999997
2024,547.0,77.34,57.33,245.0,Monteforte Cilento,98932.41,31163.6,130096.01000000001
2024,1.406,69.8,52.94,268.0,Monte San Giacomo,269475.67,108056.3,377531.97
2024,6.221,65.83,51.39,237.0,Montesano sulla Marcellana,1101372.29,460402.3,1561774.59
2024,597.0,100.0,73.27,296.0,Morigerati,122493.56,37911.2,160404.76
2024,43.808,53.15,40.06,427.0,Nocera Inferiore,4399968.83,1427140.4,5827109.23
2024,23.589,80.21,60.89,351.0,Nocera Superiore,3570769.87,883919.0,4454688.87
2024,2.338,68.54,51.43,251.0,Novi Velia,401822.66,184288.0,586110.6599999999
2024,2.273,69.93,53.49,476.0,Ogliastro Cilento,694543.01,328517.37,1023060.38
2024,6.559,80.93,60.55,290.0,Olevano sul Tusciano,1484192.55,367433.41,1851625.96
2024,3.62,52.6,39.83,370.0,Oliveto Citra,874924.96,552492.6,1427417.56
2024,1.639,65.02,50.69,343.0,Omignano,336201.78,187786.25,523988.03
2024,954.0,69.62,51.91,252.0,Orria,163055.87,70565.7,233621.57
2024,580.0,80.38,51.78,212.0,Ottati,102891.2,26456.2,129347.4
2024,4.805,68.84,53.13,342.0,Padula,1123985.8,483241.75,1607227.55
2024,3.709,49.71,35.26,193.0,Palomonte,431638.7,414764.6,846403.3
2024,10.894,78.12,57.77,343.0,Pellezzano,2832601.57,844323.81,3676925.38
2024,1.809,85.21,61.41,287.0,Perdifumo,441236.5,86082.6,527319.1
2024,802.0,87.17,65.92,376.0,Perito,561502.94,51899.1,613402.0399999999
2024,656.0,55.41,35.76,352.0,Pertosa,141872.2,98232.9,240105.1
2024,1.114,84.03,64.93,262.0,Piaggine,201800.57,57381.16,259181.73
2024,5.103,72.52,56.36,405.0,Polla,1581230.34,450460.01,2031690.35
2024,26.408,75.04,56.07,500.0,Pontecagnano Faiano,4909926.8,1334618.5,6244545.3
2024,3.719,52.45,42.8,1.287,Positano,482122.16,370845.17,852967.33
2024,1.978,47.77,35.17,261.0,Postiglione,320099.63,256238.2,576337.8300000001
2024,1.97,69.96,53.94,748.0,Praiano,935922.93,407997.79,1343920.72
2024,1.095,66.01,48.14,294.0,Prignano Cilento,207560.35,117358.0,324918.35
2024,2.372,69.77,54.41,785.0,Ravello,1141394.74,496516.23,1637910.97
2024,1.064,82.48,62.29,343.0,Ricigliano,240065.39,80961.7,321027.09
2024,6.889,78.79,55.04,286.0,Roccadaspide,1478866.9,405680.87,1884547.77
2024,1.56,71.93,55.89,340.0,Roccagloriosa,352872.67,156991.5,509864.17
2024,8.708,74.02,56.18,346.0,Roccapiemonte,2297407.33,850271.8,3147679.13
2024,1.258,76.91,56.08,305.0,Rofrano,267300.07,85688.61,352988.68
2024,594.0,83.46,62.75,336.0,Roscigno,153673.41,35674.9,189348.31
2024,767.0,66.75,45.45,439.0,Rutino,291992.18,598348.2,890340.3799999999
2024,432.0,78.17,61.1,352.0,Sacco,141992.91,51278.2,193271.11
2024,1.759,62.94,49.44,340.0,Salento,375742.26,212176.45,587918.71
2024,126.625,74.08,57.22,456.0,Salerno,4851694.21,1304951.2,6156645.41
2024,482.0,39.92,33.44,217.0,Salvitelle,49094.62,67141.2,116235.82
2024,6.583,66.92,52.6,407.0,San Cipriano Picentino,1872820.73,836763.8,2709584.5300000003
2024,3.592,72.28,53.42,450.0,San Giovanni a Piro,1125920.11,448149.0,1574069.11
2024,3.886,87.58,63.15,255.0,San Gregorio Magno,757551.31,128201.7,885753.01
2024,2.624,70.9,54.39,393.0,San Mango Piemonte,732807.35,310029.9,1042837.25
2024,10.202,74.02,55.91,447.0,San Marzano sul Sarno,3110652.5,1167514.6,4278167.1
2024,537.0,67.59,51.42,262.0,San Mauro la Bruca,63921.25,52980.8,116902.05
2024,1.597,68.69,50.09,217.0,San Rufo,249344.31,120980.87,370325.18
2024,3.226,57.37,45.23,416.0,Santa Marina,777905.59,514205.4,1292110.99
2024,489.0,67.65,51.23,256.0,Sant'Angelo a Fasanella,63245.23,46116.7,109361.93
2024,2.641,70.08,53.04,371.0,Sant'Arsenio,713023.32,314469.2,1027492.52
2024,8.75,70.12,53.53,549.0,Sant'Egidio del Monte Albino,3050669.22,1319921.3,4370590.5200000005
2024,387.0,74.85,53.39,293.0,Santomenna,89069.44,48565.65,137635.09
2024,2.338,79.67,60.7,212.0,Sanza,419696.16,111096.0,530792.1599999999
2024,30.636,76.89,53.56,438.0,Sarno,4892870.02,1362915.4,6255785.42
2024,47.94,60.16,46.73,416.0,Scafati,4397375.04,1391830.0,5789205.04
2024,1.497,76.79,54.88,456.0,Scala,446628.34,224837.53,671465.87
2024,271.0,67.85,47.73,194.0,Serramezzana,45753.02,28317.3,74070.31999999999
2024,1.134,76.55,52.8,266.0,Sessa Cilento,234259.25,78867.53,313126.78
2024,9.374,48.33,36.17,348.0,Siano,2105677.05,1134198.4,3239875.4499999997
2024,3.043,85.32,61.0,323.0,Sicignano degli Alburni,763841.6,158001.65,921843.25
2024,630.0,75.99,57.67,417.0,Stella Cilento,222337.73,65314.95,287652.68
2024,776.0,66.22,51.17,293.0,Stio,151361.89,84206.4,235568.29
2024,7.03,63.38,50.45,301.0,Teggiano,1311312.16,660143.3,1971455.46
2024,1.877,83.87,61.03,420.0,Torchiara,624019.21,137112.3,761131.51
2024,1.946,68.79,52.77,298.0,Torre Orsaia,389196.77,183529.3,572726.0700000001
2024,476.0,87.71,67.9,268.0,Tortorella,98255.01,26317.9,124572.91
2024,4.153,79.3,60.16,403.0,Tramonti,1223886.21,314241.82,1538128.03
2024,1.564,64.24,49.03,391.0,Trentinara,351208.51,240112.61,591321.12
2024,7.953,72.0,52.38,478.0,Vallo della Lucania,2592081.74,1095689.64,3687771.38
2024,1.536,79.66,59.54,257.0,Valva,271330.46,95471.47,366801.93000000005
2024,3.211,62.21,48.63,444.0,Vibonati,872853.69,574180.5,1447034.19
2024,7.098,65.9,52.1,511.0,Vietri sul Mare,2400214.49,1193091.3,3593305.79
2024,13.302,79.56,60.26,486.0,Bellizzi,4649032.82,1112861.9,5761894.720000001
